City,PM2.5,PM10,NO,NO2,NOx,NH3,CO,SO2,O3,Benzene,Toluene,Xylene,AQI
Delhi,277.53,379.38,60.39,60.17,94.74,51.64,2.41,28.58,84.99,5.45,13.75,3.5,415
Delhi,232.4,361,67.14,68.4,115.98,42.75,2.05,31.66,136.67,8.28,20.6,23.3,420
Delhi,244.78,385.66,51.06,82.74,112.71,45.66,2.09,29.19,99.91,6.91,17.35,2.55,407
Delhi,293.49,401.49,105.88,87.47,137.62,56.81,2.54,31.58,114.43,7.99,28.6,1.75,454
Delhi,161.78,234.94,44.61,63.78,97.34,45.99,1.76,21.21,75.71,4.34,18.32,1.63,388
Delhi,153.33,260.04,35.14,58.13,86.38,46.52,2.56,20.9,69.95,4.37,13.52,1.34,276
Delhi,353.86,496.61,42.74,86.59,117.97,67.43,2.76,19.96,107.69,7.34,16.38,1.46,483
Delhi,217.55,356.92,32.59,75.98,98.5,49.64,2.84,31.77,103.4,4.83,9.61,1.35,451
Delhi,201.44,364.2,88.69,79.2,134.41,55.64,2.01,40.75,108.12,7.16,21.36,1.19,378
Delhi,249.95,452.96,88.06,84.89,150.79,69.34,2.64,33.72,115.45,8.75,21.95,2.86,439
Delhi,219.68,408.52,24.64,55.72,71.78,48.34,1.5,25.96,89.58,3.82,8.83,0,431
Delhi,258.48,398.16,30.46,54.69,81.68,47.57,1.84,28.58,75.26,3.64,6.94,0,421
Delhi,291.66,469.38,27.58,61.66,84.27,50.58,1.75,21.15,101.14,4.46,10.11,0,454
Delhi,221.68,377.4,19.84,60.05,69.37,48.04,1.72,21.27,90.08,3.98,10.55,0,450
Delhi,214.24,342.13,49.66,83.62,95.98,49.4,2.1,22.68,101.15,5.57,17.11,0,367
Delhi,184.02,323.56,81.18,85.03,129.22,60.07,2.26,21.27,94.79,5.86,20.12,0,383
Delhi,136.22,280.47,44.56,57.11,77.4,41.89,2.1,17.53,71.44,2.86,8.42,0,347
Delhi,188.09,367.46,74.07,74.39,118.88,45.24,2.3,21.78,86.88,5.15,15.24,1.01,369
Delhi,238.69,397.16,106.26,96.62,150.98,55.18,2.87,25.59,101.68,7.31,22.27,3.09,392
Delhi,271.42,470.08,139.98,101.44,164.44,64.78,3.28,26.81,124.74,9.41,35.26,3.45,455
Delhi,293.73,467.32,102.06,97.76,144.12,63.08,2.96,23.06,114.3,9.99,30.62,2.42,450
Delhi,247.27,450.96,101.94,92.32,146.25,63.4,2.73,20.77,116.29,7.9,23.75,2.05,478
Delhi,266.95,419.98,123.99,105.29,164.08,74.83,3.49,24.92,132.26,9.04,29.47,3.81,431
Delhi,241.61,424.09,115.23,88.74,165.41,67.9,2.6,19.65,113.35,9.14,27.7,4.27,440
Delhi,149.14,312.85,33.11,54.63,83.28,35.62,1.98,15.97,81.11,3.31,9.24,0.95,376
Delhi,182.5,317.46,91.98,69.29,144.14,40.68,1.84,21.35,93.71,4.48,12.18,1.03,347
Delhi,193.58,343.26,60.96,71.35,121.32,57.48,1.71,19.49,90.46,4.05,12.37,0.02,343
Delhi,172.89,294.29,32.3,47.21,73.76,60.1,1.43,17.09,70.51,2.54,6.88,0,362
Delhi,190.46,342.59,64.72,51.84,99.82,59.13,1.88,20.73,67.97,3.2,10.58,0.01,319
Delhi,282.76,419.33,116.54,78.48,159.5,73.94,2.51,24.51,131.34,6.23,20.23,0,425
Delhi,183.28,371.83,56.71,83.03,118.88,57.35,1.77,16.48,93.52,4.34,12.02,0.01,400
Delhi,170.74,399.64,61.75,95.99,132.93,52.71,1.87,19.04,88,4.38,13.3,,386
Delhi,190.14,412.29,43.24,92.91,109.61,52.48,1.74,19.24,86.19,5,12.33,,385
Delhi,186.64,352.14,64.77,79.52,113.72,43.76,2.28,20.76,88.93,4.47,12.74,,392
Delhi,282.01,433.03,154.15,121.11,196.54,68.78,3.4,31.36,129.79,8.33,27.44,,428
Delhi,218.22,439.01,129.37,113.45,178.2,75.74,3.24,34.05,122.22,6.89,23.51,,394
Delhi,249.8,421.49,73.33,103.77,136.43,81.3,3.07,22.34,103.29,4.31,11.83,,440
Delhi,283.59,478.19,147.22,140.09,204.44,90.35,3.33,23.41,139.79,6.01,20.92,,437
Delhi,250.69,411.48,82.24,93.99,134.24,61.29,2.74,21.72,131.99,4.96,18.16,,431
Delhi,211.95,386.66,51.4,78.05,114.36,50.46,2.46,22.11,123.11,3.55,9.96,,383
Delhi,198.38,410.6,57.61,64.21,116.75,57.97,2.1,18.41,119.41,3.74,9.49,,377
Delhi,184.12,385.05,47.72,55.01,94.66,49.91,1.91,16.09,122.43,3.91,8.27,,379
Delhi,135.42,338.3,71.54,63.9,118.56,37.83,2.01,18.89,101.58,3.98,9.07,,333
Delhi,118.6,380.24,56.5,59.09,102.21,38.84,2.7,13.66,79.22,3.4,8.61,,314
Delhi,88.3,,43.65,40.52,63.37,34.31,1.86,14.88,25.23,2.31,8.74,,174
Delhi,111.45,,75.23,34.44,90.72,52.2,1.75,14.56,38.16,3.23,12.95,,244
Delhi,152.24,,54.06,23.07,71.32,59.43,1.89,19.41,29.89,3.07,11.7,,308
Delhi,136.75,,49.33,25.24,62.42,65.5,1.52,19.87,20.82,2.76,10.34,,320
Delhi,114.35,,47.8,26.84,56.46,74.04,1.94,13.17,33.06,2.59,9.92,,270
Delhi,181.67,,100.08,111.18,139.46,126.19,21.22,18.97,20.58,5.34,20.47,,320
Delhi,135.78,,62.51,78.99,89.78,100.15,29.46,15.59,20.57,3.02,11.55,,313
Delhi,204.72,391.9,136.41,136.15,180.15,163.07,11.45,23.64,57.16,6.91,24.84,,326
Delhi,321.52,589.93,110.63,102.69,165.11,108.68,2.94,22.66,111.69,9,27.03,,459
Delhi,129.08,486.66,20.45,55.01,53.4,65.53,30.44,13.43,32.42,3.46,6.92,,314
Delhi,132.56,294.13,37.27,71.91,91.68,62.62,9.61,17.57,75.29,3.54,7.58,,304
Delhi,158.69,331.93,52.6,88.96,109.95,69.77,10.3,21.02,88.64,3.76,7.95,,310
Delhi,187.01,375.13,34.43,90.57,99.66,72.76,11.3,21.41,98.88,3.82,7,,370
Delhi,148.77,332.68,23.26,75.69,71.74,69.14,9.27,20.34,85.96,3.02,5.12,,328
Delhi,159.67,325.05,33.33,73.11,82.43,60.62,2.32,21.23,82.69,3.4,6.16,,331
Delhi,233.97,391.19,68.54,87.4,133.08,72.74,1.94,22.31,94.75,5.31,12.28,,412
Delhi,240.97,389.18,85.66,72.93,131.21,72.69,2.38,24.08,87.26,5.58,16.21,0,433
Delhi,295.71,476.09,86.62,94.04,131.36,79.87,2.42,23.57,108.14,5.81,16.3,0,463
Delhi,239.21,395.29,69.42,81.22,126.63,65.11,2.15,23.33,90.45,5.79,17.65,,465
Delhi,270.1,484.82,54.41,76.67,101.63,66.4,2.39,19.94,97.03,5.33,10.78,,426
Delhi,339.8,586.2,124.31,133.95,164.05,73.73,2.97,27.9,91.2,7.12,19.01,,496
Delhi,318.1,535.3,106.93,118.81,159.99,78.22,2.85,30.24,131.4,6.45,21.32,,528
Delhi,305.51,524.01,99,103.78,150.4,83.7,3.37,25.78,135.04,7.07,22.16,,538
Delhi,391.54,587.23,167.73,96.36,213.61,105.21,3.39,26.47,186.07,9.07,32.59,,535
Delhi,339.87,540.86,109,67.85,170.76,98.29,2.34,14.19,150.8,6.61,18.62,,603
Delhi,158.43,324.64,47.9,60.63,103.82,60.24,2.38,17.94,100.54,3.43,6.7,,408
Delhi,183.24,345.68,85.1,68.86,119.51,62.87,2.14,24.96,130.02,3.98,9.27,,368
Delhi,227.13,411.6,130.64,76.4,179.86,68.11,2.88,23.98,140.72,6.19,19.28,,404
Delhi,195.21,381.19,98,78.61,141.55,64.5,2.06,24.06,131.63,4.26,15.4,,444
Delhi,248.59,399.59,25.76,73.18,95.74,68.5,1.62,16.73,95.93,3.34,7.27,,356
Delhi,196.87,339.06,22.82,55.91,76.14,59.65,1.35,11.82,97.98,2.51,5.49,,397
Delhi,178.8,259.53,24.84,45.85,67.9,47.42,1.39,10.86,81.66,2.41,5.16,,371
Delhi,138.86,220.21,16.26,41.92,56.84,35.05,1.55,11.25,67.4,2.31,4.48,,311
Delhi,179.48,268.5,24.14,58.56,75.29,35.01,1.45,15.89,78.01,2.21,4.79,,321
Delhi,269.05,451.43,75.17,78.22,129.46,45.72,2.4,15.42,107.94,3.78,8.46,,424
Delhi,278.2,430.74,25.48,61.04,81.75,43.49,3.82,12.59,104.61,3.44,7.68,,435
Delhi,272.1,415.38,25.73,56.67,73.35,40.44,1.84,14.75,100.12,3.93,7.77,,455
Delhi,196.83,318.08,29.85,52.83,74.47,37.76,1.68,11.99,91.52,3.95,8.5,,398
Delhi,290.66,418.92,58.36,73.9,118.66,48.9,1.94,17.13,136.52,6.63,15.31,,399
Delhi,294.3,480,58.3,78.21,130.91,67.05,2.13,16.81,147.56,11.67,31.39,,469
Delhi,303.5,446.28,18.81,64.55,84.23,56.64,2.6,14.74,132.54,13.06,20.63,,488
Delhi,217.05,362.08,27.18,66.89,84.08,44.74,1.32,16.09,103.53,8.15,15.77,,401
Delhi,308.75,462.91,33.24,80.14,104.98,58.38,1.7,17.97,139.27,9.11,15.21,,446
Delhi,255.94,424.11,68.34,87.93,136.31,63.16,2.03,17.09,142.54,9.97,27.76,,456
Delhi,283.03,463.03,96.44,90.45,154.28,68.84,2.09,23.63,151.6,13.06,33.02,,451
Delhi,311.08,498.38,140.59,117.07,139.36,74.39,2.54,29.99,175.04,17.15,48.03,,501
Delhi,285.83,450.72,114.59,111.19,202.98,78.01,2.54,27.94,157.74,11.99,36.72,,505
Delhi,242.05,291.16,22.08,46.17,61.75,53.86,1.77,12.4,75.74,3.93,9.75,,437
Delhi,121.4,193.5,20.04,60.12,73.48,37.51,1.08,16.33,90.99,2.9,6.96,,305
Delhi,135.31,242.87,26.56,63.6,86.07,32.1,1.14,19.08,94.8,3.55,7.54,,292
Delhi,136.87,273.78,18.78,61.81,80.6,30.46,1.11,24.23,95.15,4.51,8.58,,306
Delhi,130.76,269.21,63.15,67.45,115.18,31.31,1.47,23.7,85.13,9.22,17.93,,300
Delhi,206.72,383.25,103.55,86.15,180.54,38.98,1.82,30.2,121.22,13.75,29.14,,371
Delhi,224.94,348.14,139.49,85.86,143.3,41.58,2.6,26.22,149.67,11.57,36.79,,408
Delhi,170.45,249.91,24.15,72.61,90.15,46.76,1.28,20.74,95.23,5.29,12.12,,343
Delhi,119.57,186.86,46.36,57,102.85,45.57,1.26,19.21,74.61,7.03,15.39,,301
Delhi,181.76,261.7,53.77,65.45,101.07,44.85,1.46,19.53,106.92,8.52,19.03,,322
Delhi,216.55,341.38,99.27,81.98,159.3,48.24,2.02,21.61,129.76,10.15,25.69,,368
Delhi,150,270.49,61.14,70.99,101.48,41.33,1.88,21.25,93.1,7.25,31.62,,349
Delhi,146.03,296.27,41.52,79.43,102.77,35.09,1.56,26.86,117.2,6.5,12.45,,334
Delhi,110.89,228.81,15.7,56.05,60.22,33.55,2.14,20.94,101.47,3.19,6.06,,333
Delhi,103.57,177.49,21.11,61.73,71.42,35.13,1.11,29.71,89.22,4.57,8.6,,257
Delhi,115.7,219.52,26.8,66.8,88.44,35.02,1.88,27.44,93.47,6.81,11.64,,265
Delhi,123.22,216.09,27.2,65.75,91.8,32.58,1.25,29.19,95.46,6.11,10.5,,297
Delhi,135.38,236.15,30.25,80.76,107.45,35.79,1.36,37.35,89.38,8.2,17.99,,289
Delhi,148.75,217.16,41.39,76.11,115.01,54.55,1.41,26.28,90.48,9.41,24.42,,310
Delhi,207.1,307.38,54.8,66.45,119.87,67.61,1.76,32.25,108.89,10.6,22.71,,366
Delhi,150.89,225.66,72.64,47.72,109.23,79.34,1.48,20.15,84.64,8.31,29.83,,345
Delhi,76.12,137.44,9.77,30.51,38.62,47.95,1,10.43,73.2,3.07,6.16,,228
Delhi,88.73,137.44,12.59,41.47,48.81,30.92,1.02,20.79,75.96,3.48,4.69,,213
Delhi,86.17,194.61,32.16,56.77,58.22,28.75,1.41,21.27,95.32,2.19,4.9,,208
Delhi,177.64,309.47,93.53,117.04,150.74,35.85,2.07,50.44,200.41,4.5,14.62,,319
Delhi,131.69,232.45,53.41,81.93,121.16,36.07,1.6,21.19,97.56,5.66,15.91,,315
Delhi,129.66,236.27,50.39,76.82,101.86,27.19,1.63,21.44,115.84,2.56,8.82,,293
Delhi,144.98,245.96,63.25,86.59,102.02,36.93,1.78,24.43,117.3,3.51,10.6,,342
Delhi,163.92,263.73,84.62,76.43,114.7,41.99,1.98,21.63,130.99,3.71,11.29,,338
Delhi,170.12,255.34,85.99,76.4,134.66,49.77,1.99,17.63,137.57,5.5,17.45,,344
Delhi,213.62,299.88,113.63,102.02,151.93,51.11,2.43,25.49,138.3,10.49,34.16,,370
Delhi,175.63,244.58,123.21,102.23,181.1,41.75,1.94,25.53,157.07,6.27,24.07,,365
Delhi,165.22,264.31,116.23,100.71,182.37,48.37,2.61,33.45,113.89,10.66,37.95,,348
Delhi,115.55,201.71,28.05,60.47,79.02,39.42,1.36,16.6,103.88,3.87,10.79,,312
Delhi,53,129.37,9.63,48.15,48.15,31.6,0.73,19.05,84.88,1.82,4.78,,214
Delhi,47.43,60.61,17.03,55.78,61.54,44.64,0.86,15.1,81.26,2.32,5.23,,165
Delhi,98.61,167.78,33.11,54.69,84.84,54.88,1.28,20.44,82.97,6.69,12.43,,218
Delhi,84.42,134.81,19.94,43.9,61.04,40.96,1.07,26.24,61.83,4.16,8.24,,230
Delhi,109.16,164.84,35.5,49.75,76.08,35.16,1.16,31.56,66.4,4.96,10.61,,248
Delhi,129.9,240.67,54.54,60.19,100.31,37.73,1.57,26.69,92.04,7.33,15.62,,276
Delhi,85.76,204.96,38.38,30.44,48.08,28.85,1.69,9.58,36.99,3.31,11.5,,213
Delhi,60.17,,8.84,15.89,19.14,,2,8.04,31.91,1.52,4.28,,127
Delhi,58.95,,4.1,10.63,15.13,,1.43,7.25,66.25,1.03,2.48,,112
Delhi,51.82,79.14,23.42,38.11,46.02,23.58,1.22,18.53,55.08,1.75,6.96,,111
Delhi,81.32,162.38,71.57,34.54,75.09,26,1.74,20.36,77.88,3.24,11.97,,193
Delhi,67.63,152.46,21.36,36.61,53.44,29.89,1.14,17.04,48.58,3.62,7.91,,123
Delhi,70.86,137.98,22.03,65.89,78.38,31.57,1.12,21.48,73.05,4.97,11.2,,194
Delhi,72.47,133.3,24.06,64.64,69.35,30.43,1.24,27.7,70.45,1.92,5,,186
Delhi,103.73,194.95,67.6,77.89,131.48,38.99,2.2,30.74,56.49,3.3,10.69,,242
Delhi,95.52,167.64,55.13,57.84,99.81,52.94,1.56,20.52,97.74,4.21,13.34,,267
Delhi,58.4,129.21,12.64,36.37,45.3,33.75,1.14,15.98,65.16,3.13,6.75,,207
Delhi,47.43,139.62,5.98,31.12,32.05,21.64,0.96,13.54,70.69,2.41,4.66,,176
Delhi,80.01,148.1,34.57,50.45,67.93,27,1.29,22.15,84.89,3.3,6.61,,189
Delhi,156.01,228.19,85.62,88.44,138.71,39.36,2.18,24.44,169.36,4.06,10.5,,341
Delhi,137.99,217.03,47.16,85.91,112.34,44.01,2.1,32.84,142.38,4.46,10.03,,325
Delhi,72.44,122.24,12.75,42.51,48.36,37.72,1.1,23.86,66.2,2.52,6.11,,259
Delhi,61.75,54,6.56,37.18,36.21,28.36,0.74,18.09,66.87,1.6,3.56,,178
Delhi,81.46,110.31,21.37,53.01,67.76,27.83,1.04,25.75,77.27,3.49,7.83,,219
Delhi,89.75,156.89,18.61,48.72,62.06,29.91,1.28,42.34,67.87,4.29,8.11,,206
Delhi,88.68,163.7,28.13,46.74,64.38,27.39,1.35,36.91,47.01,4.1,8.45,,221
Delhi,127.86,218.3,93.5,61.21,117.28,34.59,2.2,19.64,62.15,3.73,11.76,,298
Delhi,130.7,,5.58,15.89,20.05,,1.39,12.78,29.69,2.3,5.74,,316
Delhi,118.44,,16.79,18.29,30.66,,1.88,16.35,29.38,4.26,9.87,,294
Delhi,148.22,217.84,63.75,44.98,91.09,62.22,1.68,27.44,69.66,6.9,17.57,,314
Delhi,132.86,377.61,54.82,31.55,70.95,59.55,1.51,20.54,63.44,8.27,15.68,,334
Delhi,97.83,174.11,7.16,20.15,26.39,24.26,1.38,18.86,28.8,3.23,6.9,,261
Delhi,91.82,202.91,24.61,52.54,64.76,32.31,1.4,31.06,37.04,4.94,17.96,,208
Delhi,129.61,329.68,54.59,58.6,98.07,48.67,1.22,35.57,32.33,8.56,23.17,,289
Delhi,89.78,193.14,24.3,53.55,75.27,31.01,1.52,48.86,34.75,7.42,18.35,,216
Delhi,166.76,272.67,65.1,63.03,122.4,35.12,1.51,46.97,47.93,12.58,21.16,,314
Delhi,107.81,154.18,35.14,47.95,82.5,33.72,1.77,35.24,31.6,6.63,12.59,,262
Delhi,81.12,246.86,13.25,36.5,47.89,31.62,0.72,22.66,61.02,4.87,8.42,,257
Delhi,74.03,201.81,13.94,35.44,48.38,23.32,0.71,17.85,58.47,3.54,6.19,,235
Delhi,74.9,247.61,25.64,46.29,70.06,22.7,1.11,25.16,58.74,3.5,6.9,,239
Delhi,94.81,220.48,39.07,58.81,78.15,22.82,1.32,26.21,75.75,4.53,9.5,,239
Delhi,137.48,285.18,88.96,76.2,133.09,34.25,1.98,37.57,85.91,7.75,19.19,,302
Delhi,124.13,,36.76,37.49,54.07,17.79,1.88,14.84,35.97,3.55,10,,296
Delhi,102.86,283.02,30.63,42.35,61.61,21.22,1.04,13.34,66.77,2.91,7.11,,247
Delhi,102.9,219.17,33.28,49.32,78.86,28.33,0.98,22.15,81.29,4.76,9.28,,265
Delhi,129.06,311.93,35.74,63.21,99.16,28.32,1.52,35.73,98.35,6.73,17.39,,301
Delhi,124.8,283.05,22.33,48.65,66.43,25.14,1.09,29.16,97.22,5.51,9.32,,322
Delhi,92.74,265.56,13.43,42.87,50.67,20.52,0.88,19.87,103.07,2.82,5.38,,291
Delhi,113.75,208.42,9.87,44.8,46.72,20,0.93,25.63,110.09,1.91,4.27,,292
Delhi,89.52,171.92,18.15,50.78,56.56,20.6,1.51,25.65,87.26,1.88,4.73,,258
Delhi,123.59,219.3,57.65,69.92,102.52,22,1.7,40.96,87.66,3.33,9.01,,282
Delhi,104.5,213.36,31.14,70.04,91.82,23.14,1.47,39.91,87.38,3.17,10.97,,271
Delhi,139.37,306.08,71.92,97.93,118.98,29.38,2.08,38.53,86.82,5.89,17.43,,314
Delhi,162.54,379.7,154.33,108.53,168.05,39.52,2.7,33.53,87.74,9.46,31.19,,377
Delhi,161.23,354.17,72.12,80.4,126.06,37.83,2.08,35.7,117.59,6.68,18.75,,390
Delhi,181.49,383.05,62.82,88.26,117.82,32.04,2.14,38,56.3,5.69,13.15,,392
Delhi,142.64,,30.09,51.53,56.14,16.95,1.82,13.83,59.71,3.38,9.22,,342
Delhi,124.21,,52.27,52.3,74.64,17.35,1.9,10.98,74.25,4.16,11.72,,297
Delhi,119.47,,21.08,41.26,43.36,13.81,1.49,10,70.42,2.77,7.29,,275
Delhi,125.36,284.55,10,59.73,52.11,31.89,1.49,21.42,101.53,3.23,8.74,,281
Delhi,103.08,297.94,18.52,61.77,72.09,49.53,1.44,26.13,91.18,4.3,12.28,,309
Delhi,65.02,173.86,11.94,46.27,53.02,44.78,1.14,18.35,79.9,2.75,11.56,,262
Delhi,54.34,136.92,21,55.07,71.12,35.93,1.12,20.23,65.26,4.02,12.46,,194
Delhi,77.89,193.14,15.3,66.68,70.75,39.63,0.98,20.15,75.61,4.69,10.97,,229
Delhi,90.19,208.75,7.73,64.2,59.4,45.99,1.1,25.25,81.61,4.6,10.54,,246
Delhi,77.34,168.66,3.71,48.67,43.92,51.11,1.04,18.97,79.06,3.04,6.31,,225
Delhi,73.55,174.94,5.87,57.52,54.56,43.66,1.05,22.26,68.57,3.71,14.27,,221
Delhi,66.49,112.6,6.74,52.3,50.94,53.04,0.98,16.32,61.02,2.99,12.34,,185
Delhi,100.09,207.98,14.69,64.25,67.9,66.64,1.34,17.95,76.43,4.2,14.3,,218
Delhi,99.88,250.51,37,60.29,80.62,56.26,1.1,16.54,95.52,5.83,18.17,,310
Delhi,105.51,292.64,46.21,67.71,78.61,52.87,1.44,20.49,86.22,6.12,19.79,,307
Delhi,128.85,379.8,50.68,57.06,64.22,46.77,1.83,18.7,56.63,6.57,17.73,,325
Delhi,94.89,247.95,37.68,58.46,85.72,31,1.12,21.19,62.4,4.32,10.12,,316
Delhi,92.95,249.27,32.62,62.4,98,29.12,1.19,27.34,89.66,4.72,9.81,,302
Delhi,117.64,266.72,52.8,80.57,118.39,26.39,1.76,31.96,105.42,5.44,13.84,,318
Delhi,94.22,219.01,11.17,67.73,74.26,43.64,1.86,27.98,85.76,3.74,9.37,,300
Delhi,70.86,186.97,7.21,52.02,55.3,57.83,1.07,12.82,77.8,2.58,8.41,,246
Delhi,78.02,233.72,4.48,48.23,45.61,55.28,0.96,13.08,107.9,1.88,4.19,,255
Delhi,66.3,149.31,4.99,53.42,50.1,46.09,0.99,15.3,101.65,1.16,2.82,,218
Delhi,87.31,163.9,5.25,45.86,47.55,40.22,0.79,16.69,93.48,0.87,2.5,,252
Delhi,57.35,103.26,12.6,43.57,53.77,36.69,0.89,13.46,75.38,0.99,3.18,,190
Delhi,105.02,240.52,14.64,50.77,61.13,48.53,1.48,13.98,126.55,1.86,5.87,,256
Delhi,111.22,293.73,22.75,48.12,58.91,42.29,1.06,11.79,160.06,1.57,5.7,,311
Delhi,180.71,379.29,25.71,50.38,65.02,43.19,1.29,13.73,169.35,2.65,8.03,,381
Delhi,109.82,314,8.63,34.37,35.37,29.71,0.96,15.48,120.76,1.62,8.72,,409
Delhi,42.67,169.36,3.57,35.71,22.06,30.46,0.87,10.6,101.26,0.66,1.44,,269
Delhi,56.87,101.24,21.03,50.18,64.65,39.34,1.39,11.3,73.43,2.4,9.91,,187
Delhi,101.54,214.14,31.68,49.41,78.79,47.17,1.29,9.15,83.4,4.76,18.77,,225
Delhi,76.56,251.87,17.71,44.55,57.7,37.91,1.04,13.11,86.34,4.57,10.9,,283
Delhi,81.4,298.5,26.72,49.88,73.71,37.86,1.3,13.87,94.77,4.72,10.98,,316
Delhi,138.97,296.64,53.59,74.99,108.21,44.94,1.7,21.41,129.18,8.08,24.79,,361
Delhi,137.81,274.63,26.48,75.26,92.33,47.59,1.48,15.4,115.31,5.88,20.24,,330
Delhi,77.72,166.28,4.05,36.69,33.03,51.64,0.99,11.7,78.8,2.31,10.45,,256
Delhi,84.61,208.17,8.11,45.47,45.71,35.52,1.48,14.68,100.24,2.73,12.57,,237
Delhi,66.72,152.18,8.77,45.5,52.2,33.33,1.77,15.9,82.33,3.28,16.6,,246
Delhi,64.08,143.88,7.96,57.31,61.05,32.67,1.45,19.95,79.75,4.35,16.88,,202
Delhi,64.95,187.69,15.09,49.67,63.99,35.28,1.75,15.09,84.94,4.18,13.88,,209
Delhi,75.75,239.74,20.49,51.75,71.2,30.18,3.84,18.14,92.8,4.58,15.79,,262
Delhi,69.25,225.52,15.79,38.84,53.11,37.83,3.61,9.83,68.93,4.66,13.22,,280
Delhi,70.71,272.34,19.62,40.04,59.25,33.33,2.59,9.78,70.91,3.45,10.63,,279
Delhi,96.72,332.91,20.53,34.52,56.84,34.24,3.24,10.14,98.09,4.68,8.25,,357
Delhi,59.02,197.51,27.2,38.55,68.18,38.65,3.44,8.29,57.42,6.15,9.97,,266
Delhi,102.42,330.36,18.12,37.74,55.24,42.47,1.59,11.23,65.24,4.53,17.16,,330
Delhi,62.37,109.42,7.69,30.44,32.88,34.5,2.49,9.89,56.97,2.66,9.95,,248
Delhi,67.76,120.06,16.21,41.27,52.49,32.53,1.87,10.43,59.25,2.66,10.79,,172
Delhi,79.17,142.57,7.3,33.98,35.75,33.32,1.94,8.64,68.32,2.64,9,,234
Delhi,101.31,101.54,7.47,32.55,34.9,34.93,2.64,9.51,56.24,2.99,6.88,,201
Delhi,83.1,84.18,11.99,40.24,47.72,34.93,2.11,11.24,52.76,3.21,9.95,,206
Delhi,72.33,54.85,6.49,32.04,32.95,35.69,2.49,10.54,43.4,2.81,6.77,,159
Delhi,75.14,99.89,9.12,31.89,37.74,31.53,3.73,7.88,51.74,3.39,9.43,,187
Delhi,91.63,98.88,10.88,37.7,44.63,28.31,2.11,8.34,55.92,3.55,10.1,,228
Delhi,100.02,331.1,15.97,45.29,60.69,33.1,2.02,9.03,101.3,3.84,12.19,,284
Delhi,67.12,175.26,4.67,50.91,51.52,43.4,1.09,10.87,79.26,2.77,10.31,,310
Delhi,48,86.63,4.54,40.57,42.04,39.05,0.85,8.71,58.37,2.99,9.68,,158
Delhi,76.76,112.46,5.66,37.28,37.28,39.39,1.71,7.63,51.76,2.29,9.34,,154
Delhi,80.89,96.05,12.43,40.07,49.02,35.05,3,9.77,55.61,2.91,14.57,,187
Delhi,60.67,68.43,7.96,37.01,39.52,33.03,2.08,10.22,44.44,2.51,9.39,,180
Delhi,69.65,103.25,9.49,34.17,39.9,31.42,2.39,9.43,51.31,2.96,9.9,,190
Delhi,58.21,113.1,12.65,29.28,40.04,42.08,2.23,7.97,37.35,3,8.64,,164
Delhi,57.24,96.62,15.31,33.9,48.12,36.91,2.93,7.81,40.49,3.18,12.52,,148
Delhi,67.6,95.26,10.6,36.79,41.59,35.43,2.78,8.77,48.9,2.96,13.77,,154
Delhi,57.1,75.83,14.67,37.93,50.05,35.38,1.72,8.88,52.3,2.79,9.43,,160
Delhi,68.71,162.2,21.67,47.24,67.91,42.46,2.22,8.51,55.57,3.29,11.92,,165
Delhi,77.71,143.29,11.31,34.78,43.72,52.72,2.64,7.6,57.81,3.05,8.64,,210
Delhi,54.5,80.82,6.51,27.69,29.77,37.18,2.18,8.73,42.67,2.53,6.88,,158
Delhi,54.96,98.86,14.06,42.07,51.85,40.9,1.58,8.38,45.55,3.06,10.18,,172
Delhi,52.95,87.81,13.01,30.77,41.97,40.31,1.96,7.73,45.1,2.59,9.41,,151
Delhi,59.13,86.18,12.96,35.91,46.19,37.92,1.72,7.94,43.24,2.95,10.42,,143
Delhi,60.92,74.51,13.86,33.57,45.91,38.15,1.08,7.74,42.22,3.58,8.87,,156
Delhi,39.32,57.16,24.89,32.55,58.24,33.66,2.36,9.06,43.95,3.21,18.14,,108
Delhi,71.53,79.1,29.55,31.96,57.77,43.92,1.82,8.23,50.01,3.75,17.84,,163
Delhi,73.51,56.29,31.24,29.7,54.28,61.03,5,7.39,47.3,3.87,13.39,,247
Delhi,52.88,88.23,24.44,29.17,46.93,38.79,4.65,6.58,36.35,2.84,8.34,,123
Delhi,50.99,44.48,14.85,22.38,37.7,40.89,1.21,7.18,33.31,3.47,5.86,,106
Delhi,75.93,38.59,14.17,15.75,29.63,33.83,2.48,7,28.11,3.43,5.89,,202
Delhi,44.08,77.07,24.72,32.85,54.62,51.53,1.47,7.31,36.73,4.26,10.89,,120
Delhi,42.14,166.27,20.73,31.4,48.11,55.76,1.31,6.78,44.7,4.26,9.89,,135
Delhi,56.86,203.09,24.36,34.96,60.14,31.06,1.16,9.36,61.07,2.37,7.57,,245
Delhi,45.64,240.86,32.54,37.8,79.06,32.92,0.87,7.27,56.3,2.34,6.11,,280
Delhi,48.36,157.41,20.2,37.42,58.72,37.84,1.14,8.63,64.4,1.91,11.74,,269
Delhi,42.09,80.14,8.85,23.88,28.63,35.77,0.84,7.23,51.32,1.96,5.07,,163
Delhi,59.4,124.47,15.95,56.56,69.2,38.44,1.45,8.91,65.42,2.97,9.41,,
Delhi,76.29,163.57,19.52,58.4,73.04,45.77,1.32,7.93,62.62,3.39,12.4,,195
Delhi,54.5,95.08,11.64,40.48,50.72,48.6,1.08,8.2,52.3,2.91,10.16,,163
Delhi,40.55,58.09,25.41,40.86,65.28,42.48,1.36,10.82,56.73,4.88,14.13,,108
Delhi,46.44,68.69,27.67,42.81,68.89,40.28,1.34,9.95,72.25,4.81,18.68,,134
Delhi,56.16,76.89,38.7,44.18,82.68,41.18,1.76,9.87,70.34,5.25,20.12,,155
Delhi,42.7,50,29.68,36.78,68.62,36.4,1.55,8.69,49.28,4.77,16.89,,116
Delhi,48.03,70.62,23.7,32.5,54.99,37.62,1.29,8.01,85.11,4.25,15.17,,136
Delhi,43.47,53.42,17.15,29.86,48.93,35.28,1.29,10.33,68.03,3.55,14.22,,150
Delhi,43.55,55.33,24.58,34.87,56.3,34.99,2.69,8.23,91.54,2.99,19.32,,121
Delhi,50.86,67.92,23.29,36.14,56.77,32.14,1.35,6.96,92.81,2.01,28.25,,149
Delhi,49.04,87.48,17.77,35.93,53.75,32.45,0.92,9.03,86.42,2.26,20.91,,178
Delhi,39.3,78.77,11.79,33.68,42.56,32.81,1.2,9.36,63.17,2.26,12.08,,120
Delhi,43.86,76.69,23.12,38.29,60.55,32.22,2.13,9.81,68.19,2.28,19.87,,140
Delhi,42.84,75.19,15.7,31.42,42.34,28.89,2.48,10.02,67.17,2.02,14.34,,142
Delhi,44.04,82.26,16.52,34.27,48.51,29.3,1.37,8.48,73.28,1.93,11.98,,141
Delhi,41.29,64.76,16.97,29.05,43.48,27.23,2.93,8.02,59.76,1.78,10.33,,125
Delhi,39.28,54.92,15.91,30.76,43.16,29.55,1.6,9.75,53.53,1.92,11.58,,127
Delhi,30.66,32.79,18.9,29.78,46,24.79,2.22,8.37,54.64,1.55,8.33,,119
Delhi,42.15,84.46,31.69,34.9,66.83,23.83,1.39,8.73,70.12,2.22,11.94,,111
Delhi,56.45,92.71,30.9,43.49,73.1,31.35,1.53,7.77,68.22,2.92,11.82,,132
Delhi,40.81,80.14,38.03,42.53,81.71,32.09,1.28,12.53,81.39,2.39,12.1,,149
Delhi,39.51,185.99,30.79,32.96,65.3,27.89,2.15,8.87,91.79,1.43,4.52,,166
Delhi,49.04,245.72,25.06,28.74,53.79,26.6,3.78,7.97,83.64,0.9,3.17,,274
Delhi,62.19,247.59,24.1,36.46,58.74,25.64,0.95,11.16,85.32,2.15,8.31,,295
Delhi,55.55,132.65,22.7,51.48,65.74,30.91,1.23,9.22,72.82,2.48,11.8,,219
Delhi,59.03,153.16,22.45,43.97,62.04,28.14,1.15,8.84,69.54,2.83,15.47,,169
Delhi,48.57,90.68,10.1,35.84,41.77,26.51,1.59,8.56,59.67,1.48,12.22,,174
Delhi,28.01,65.58,5.42,27.58,29.64,23.44,3.11,9.02,42.88,1.1,4.52,,111
Delhi,28.6,78.83,8.46,31.31,33.5,23.44,2.59,7.97,43.07,1.45,6.72,,93
Delhi,38.99,85.48,7.8,39.47,40.84,26.3,1.25,8.06,50.23,3.22,11.41,,107
Delhi,43.35,73.22,11.04,32.04,37.18,22.95,1.17,10.86,48.2,3.11,12.66,,127
Delhi,45.88,118.92,28.83,35.41,56.77,30.36,0.99,8.23,32.24,8.35,14.36,,93
Delhi,54.13,125.44,44.27,35.61,79.24,39.87,1,9.57,41.9,7.06,23.65,,142
Delhi,56.56,,7.36,20.84,20.11,,0.36,7.91,26.55,7.29,16.03,,93
Delhi,57.09,170.2,12.69,28.7,38.71,31.55,1.67,7.04,27.7,4.97,13.2,,224
Delhi,54.73,189.12,19,37.48,52.4,29.89,1.1,8.92,40.47,5.01,17.09,,169
Delhi,48.93,89.57,17.92,42.73,53.37,29.36,1.12,9.22,41.9,4.12,18.54,,110
Delhi,37.1,60.16,21.97,41.82,59.5,28.42,2.07,8.72,41.57,2.64,16.6,,100
Delhi,28.06,47.47,32.06,51.78,87.95,23.08,1.22,9.47,54.7,2.55,13.23,,109
Delhi,44.31,111.18,35.83,41.71,84.99,26.32,0.98,9.37,64.8,2.63,10.27,,154
Delhi,46.77,208.01,30.88,40.85,76.16,23.2,0.91,10.09,68.7,2.73,10.03,,216
Delhi,57.64,269.42,32.6,31.96,68.02,22.02,0.91,9.05,56.8,2.03,6.07,,262
Delhi,45.37,246.81,35.47,33.42,72.7,19.68,1.17,9.87,57.01,1.42,4.49,,260
Delhi,50.42,282.23,31.2,34.74,69.03,19.05,2.99,10.61,61.24,1.91,5.54,,329
Delhi,50.73,233.83,30.1,39.21,70.35,18.99,2.16,14.63,75.45,2.19,7.1,,291
Delhi,71.72,260.6,31.37,39.69,70.75,20.58,1.41,12.02,63.76,2.31,8.63,,300
Delhi,87.99,277.61,34.45,43.67,76.55,21.51,2.39,10.34,49.75,2.63,9.22,,335
Delhi,45.7,190.45,29.83,38.14,63.72,21.07,0.75,10.81,55.82,2.4,9.22,,240
Delhi,45.89,164.1,32.14,40.58,67.7,20.4,2.36,10.92,52.36,2.08,6.37,,177
Delhi,49.7,178.47,32.77,39.41,68.85,21.52,2.12,9.59,54.62,1.92,7.5,,178
Delhi,57.08,184.5,31.66,43.84,75.96,25.79,1.62,10.93,63.46,2.47,13.54,,193
Delhi,47.36,109.64,20.69,45.6,62.62,23.03,1.25,11.21,64.32,2.19,9.77,,150
Delhi,79.99,198.81,21.15,54.73,69.82,28.2,1.26,11.6,77.97,3.1,10.98,,215
Delhi,67.11,185.86,17.87,57.22,67.78,27.03,0.95,12.39,70.09,2.71,8.79,,233
Delhi,81.9,207.91,28.14,56.8,83.1,29.48,0.99,12.78,75.84,2.55,8.73,,220
Delhi,86.16,185.57,17.63,56.82,67.1,29.26,1.28,10.89,74.51,2.35,8.81,,266
Delhi,75.02,143.48,24.51,67.37,74.28,34.17,1.08,14.63,88.62,1.9,5.99,,192
Delhi,94.23,141.3,38.6,86.2,94.51,28.66,1.3,16.12,134.72,1.26,5.13,,264
Delhi,89.62,131.06,30.07,70,59.15,29.75,0.89,17.12,144.45,0.78,4.81,,284
Delhi,32.73,67.29,10.98,44.35,46.71,27.78,0.8,13.44,72.31,0.78,8.97,,150
Delhi,55.64,125.31,13.63,57.24,64.51,29.48,1.18,13.77,78.31,1.21,8.94,,134
Delhi,56.46,112.36,19.78,53.66,65.52,30.1,1.03,14.63,67.97,1.34,8.78,,197
Delhi,56.64,137.48,29.6,55.69,81.12,27.69,1.24,15.5,73.87,1.23,7.19,,175
Delhi,89.09,194.71,44.43,68.3,105.76,32.26,1.35,15.11,89.95,1.8,11.46,,236
Delhi,52.49,109.5,10.51,41.03,46.9,29.98,0.71,13.68,62.19,0.88,5.71,,185
Delhi,105.43,260.01,17.52,100.66,58.72,40.17,0.49,11.94,113.81,0.81,6.44,,103
Delhi,101.84,189.62,11.5,63,51.96,37.22,0.97,15.28,96.64,1.15,5.75,,289
Delhi,84.33,179.81,20.59,65.05,61.77,32.18,1.01,15,87.95,1.03,5.39,,224
Delhi,117.28,232.03,40.76,73.71,90.15,40.08,1.4,24.55,109.06,1.82,11.99,,312
Delhi,81.87,199.61,30.59,59.82,70.18,35.58,1.13,16.28,75.58,1.46,7.63,,234
Delhi,103.12,210.04,26.23,66.31,68.95,43.92,1.09,12.96,97.36,1.34,6.11,,282
Delhi,159.8,272.34,33,78.18,84.42,50.14,1.3,13.68,123.99,2.18,8.16,,351
Delhi,81.71,150.37,57.77,77.96,108.73,46.47,1.26,14.4,85.94,3.03,12.57,,232
Delhi,117.86,229.25,42.23,87.85,98.02,54.59,1.3,15.09,109.08,2.95,10.35,,280
Delhi,114.06,274.97,61.5,74.99,105.6,47.26,1.28,14.63,97.13,1.9,6.14,,311
Delhi,132.11,317.62,81.06,76.99,126.03,42.99,1.54,14.9,98.7,2.16,6.68,,408
Delhi,144.47,317.13,85.77,92.64,134.38,43.55,1.42,17.2,128.17,2.35,12.39,,416
Delhi,125.8,290.85,79.04,88.86,126.5,39.72,1.24,17.3,112.52,2.65,11.52,,387
Delhi,134.84,327.75,62.55,83.87,120.1,36.52,1.6,16.52,104.67,2.09,5.34,,408
Delhi,114.3,309.88,70.71,83.3,123.85,31.55,1.05,20.1,93.47,2.28,5.67,,405
Delhi,86.93,295.1,102.46,81.11,113,27.85,0.84,19.17,78.81,2.26,7.16,,371
Delhi,94.83,303.27,90.53,87.15,111.96,29.54,1.31,20.72,87.84,1.9,7.31,,375
Delhi,144.98,368.81,80.18,108.83,104.39,34.74,1.26,22.1,120.33,2.27,8.31,,400
Delhi,132.01,316.53,79.81,89.01,109.33,34.88,1.32,24.72,99.74,1.64,7.21,,430
Delhi,149.35,346.31,105.43,94.29,129.43,37.11,2.19,27.27,112.83,2.22,11.14,,425
Delhi,161.49,352.64,80.88,95.27,118.3,39.9,1.6,22.25,101,2.12,9.35,,438
Delhi,140.57,339.79,105.08,91.52,85.54,39.26,1.48,24.66,73,1.63,6.63,,428
Delhi,135.9,361.08,169.53,90.28,98.14,44.98,1.83,24.72,107.03,2.09,7.52,,425
Delhi,161.11,477.65,166.64,88.27,107.99,46.41,2.14,26.66,32.06,4.5,10.99,,496
Delhi,140.92,442.68,140.89,84.96,115.83,47.03,1.44,20.7,53.5,3.61,9.22,,472
Delhi,182.14,372.09,54.87,90.22,85.75,44.08,1.11,19.38,122.74,1.79,5.2,,470
Delhi,164.51,367.17,68.9,88.17,99.44,37.79,1.42,21.68,109.22,1.62,5.17,,454
Delhi,115.76,290.42,125.4,82.7,107.03,38.89,1.63,23.46,83.78,2.72,10.24,,396
Delhi,209.27,413.49,144.66,111.23,121.37,48.82,1.88,25,85.57,4.98,14.6,,413
Delhi,296.27,535.53,127.68,120.07,126.63,58.75,1.94,23.95,82.06,8.97,24.05,,558
Delhi,318.57,503,137.36,119.42,134.89,64.34,1.91,27.89,107.12,10.61,27.31,,570
Delhi,350.39,516.59,208.23,162.5,167.24,79.24,2.65,54.38,139.22,13.02,60.08,,554
Delhi,355.77,528.41,162.93,112.59,142.64,89.56,2.28,40.23,257.73,10.29,35.64,,522
Delhi,434.92,521.21,181.22,113.21,174.25,95.27,2.36,71.56,153.52,9.61,21.68,,520
Delhi,394.59,537.51,144.25,120.66,159.5,91.77,2.09,33.34,193.31,9.95,24.21,,550
Delhi,537.96,693.21,121.1,149.12,157.33,111.69,2.8,26.66,160.01,11.45,30.13,,593
Delhi,482.4,483.99,127.32,148.92,116.45,104.84,2.78,29.4,108.33,11.64,34.69,,625
Delhi,342.45,475.1,158.66,131.92,69.68,88.02,2.23,25.93,177.07,9.52,33.1,,480
Delhi,588.39,763.58,135.71,113.31,90.09,89.1,2.2,22.21,39.05,7.31,16.61,,603
Delhi,685.36,708.8,155.53,128.15,97.62,96.22,3.23,22.61,39.21,9.98,27.66,,676
Delhi,488.57,527.64,159.5,123.36,94.03,72.81,2.21,23.88,33.33,8.95,23.12,,716
Delhi,338.38,471.47,75.56,92.18,54.81,55.65,1.32,21.36,35,6.2,11.18,,542
Delhi,307.08,415.79,111.51,103.26,67.31,58.89,1.38,21.52,33.89,6.99,13.52,,455
Delhi,291.71,464.27,124.82,133.98,63.54,73.93,1.61,29.45,42.27,5.66,16.26,,471
Delhi,295.88,491.38,139.59,147.03,56.6,88.96,1.62,35.04,50.03,6.49,22.29,,514
Delhi,277.67,437.21,145.02,127.18,54.53,81.99,1.49,34.7,43.22,5.22,18.04,,491
Delhi,228.16,388.97,158.78,113.74,54.67,67.76,1.24,51.78,66.96,5,14.05,,469
Delhi,194.2,266.97,177.98,119.58,63.27,49.95,0.91,22.7,63.1,3.09,8.37,,404
Delhi,236.09,399.5,152.13,116.66,80.86,59.24,1.49,21.98,37.37,6.53,16.84,,379
Delhi,291.98,391.88,131.41,109.65,79.95,53.33,1.34,23.97,35.58,6.64,16.56,,428
Delhi,351.47,412.95,69.58,96.23,60.3,41.1,0.73,21.65,37.74,5.08,11.4,,504
Delhi,237.21,409.98,92.48,102.95,55.83,43.06,0.87,23.11,37.26,5.05,11.2,,512
Delhi,285.71,412.35,112.39,114.11,63.07,55.83,1.16,30.47,48.81,6.3,22.82,,494
Delhi,323.74,350.18,120.28,117.17,39.98,80.15,1.52,27.23,53.69,6.63,27.78,,438
Delhi,340.61,439.26,165.78,128.85,62.48,81.94,1.6,26.25,50.47,7.12,21.98,,474
Delhi,281.76,399.82,127.69,111.52,58.08,63.32,1.55,25.26,32.17,5.53,14.85,,471
Delhi,174.56,443.12,103.4,98.73,58.08,48.28,1.24,30.13,38.25,5.12,10.79,,432
Delhi,216.1,478.72,133.15,109.5,84.1,55.54,1.21,22.29,35.12,5.57,12.74,,397
Delhi,136.21,399.13,32.87,68.9,39.01,28.84,0.41,20.99,40.07,3.18,6.51,,375
Delhi,113.3,325.47,37.55,70.01,43.19,25.22,0.46,23.22,39.94,3.24,6.72,,330
Delhi,128.7,336.16,35.91,71.29,40.84,26.73,0.65,22.68,38.99,3.16,5.83,,347
Delhi,127.5,312.58,90.6,82.99,46.87,28.3,0.91,29.33,36.12,4.29,9.66,,274
Delhi,236.58,489.62,158.47,133.28,88.78,64.54,1.75,27.59,40.89,7.42,21.69,,360
Delhi,246.25,437.91,80.12,95.64,54.63,84.51,1.16,20.23,44.16,5.82,15.23,,441
Delhi,263.61,473.72,100.79,83.15,59.64,79.35,1.25,19.08,49.44,7.06,22.44,,418
Delhi,263.25,422.11,143.08,101.67,79.26,77.5,1.05,20.38,34.89,8.15,18.27,,474
Delhi,196.6,432.38,102.23,97.75,54.62,51.11,1.41,23.49,34.86,7.23,16.4,,419
Delhi,223.3,426.63,135.19,109.4,54.22,68.69,1.93,22.96,33.98,7.43,18.49,,379
Delhi,204.6,417.29,91.66,78.79,39.67,27.41,1.55,23.92,31.6,5.88,12.62,,389
Delhi,293.91,497.31,110.07,96.68,69.09,56.8,1.86,23.11,38.89,9.28,23.99,,402
Delhi,283.61,414.27,64.52,81.86,59.67,49.99,1.34,23.69,53.91,8.84,20.43,,472
Delhi,238.21,374.88,70.46,72.44,52.25,36.31,1.53,22.2,36.02,7.67,15.66,,422
Delhi,295.62,502.98,106.85,71.44,62.21,40.93,1.66,23.47,38.31,7.92,19.77,,443
Delhi,189.09,249.35,30.67,58.86,29.83,34.4,0.84,20.83,41.6,5.22,9.15,,413
Delhi,199.12,294.81,46.99,50.79,27.33,29.59,1.25,22.65,37.83,6.73,14.23,,351
Delhi,210.28,365.65,138.78,76.9,56.19,50.66,2.39,23.52,30.87,8.52,20.42,,418
Delhi,209.91,438.88,143.91,76.81,60.13,40.75,1.32,21.71,32.12,8.55,20.95,,413
Delhi,154.55,336.29,81.54,66.38,45.44,39.57,0.92,18.5,33.54,7.35,15.83,,379
Delhi,167.64,345.07,67.1,61.53,30.43,32.77,1.06,20.65,34.65,6.85,11.87,,359
Delhi,200.78,443.63,137.47,85.26,53.52,42.38,1.45,23.5,33.68,7.66,17.03,,390
Delhi,229.35,450.31,110.1,88.54,45.05,52.64,1.16,21.22,33.35,7.31,15.69,,437
Delhi,232.33,433.94,110.14,86.92,62.67,61.3,1.17,21.99,34.3,5.98,12.53,,411
Delhi,236.24,445.54,87.1,88.02,65.09,61.04,0.92,21.32,31.86,5.95,10.48,,443
Delhi,161.92,324.2,34.1,68.35,45.61,45.61,0.61,22.9,34.48,3.64,5.67,,377
Delhi,131.95,291.75,51.31,66.67,44.05,40.01,0.81,22.63,33.78,4,6.24,,317
Delhi,187.3,399.43,99.49,82.03,51.92,50.67,1.14,24.9,37.52,5.12,9.98,,349
Delhi,364.15,616.99,149.58,122.88,67.02,90.37,1.92,22.09,45,7.55,18.78,,470
Delhi,411.8,605.65,93.94,114.03,41.37,99.22,1.65,19.54,41.56,7.38,22.05,,576
Delhi,232.41,346.57,30.11,59.88,36.84,61.98,0.7,19.37,38.99,4.04,7.14,,412
Delhi,154.26,307.64,61.69,65.49,56.57,51.87,0.66,22.82,36.31,4.36,7.7,,338
Delhi,213.2,395.37,114.55,93.45,56.14,47.88,0.94,24.51,36.9,6.13,11.06,,319
Delhi,273.82,515.41,192.34,129.41,67.59,60.4,1.61,26.1,40.19,7.04,16.43,,455
Delhi,339.96,535.68,103.69,108.76,33.56,88.44,1.3,21.6,55.09,7.29,18.01,,524
Delhi,231.1,368.9,30.99,62.46,33.89,54.58,0.96,23.47,43.97,6.93,12.43,,381
Delhi,211.16,353.61,40.62,56.66,44.59,52.53,1.14,23.82,42.84,8.03,17.16,,338
Delhi,191.5,402.31,103.24,66.19,55.29,55.92,1.31,25.13,50.03,8.39,19.94,,332
Delhi,247.79,440.18,221.03,95.55,80.85,66.57,1.47,22.29,47.86,8.96,18.92,,384
Delhi,255.33,390.67,155.29,90.79,53.89,58.97,1.28,25.33,42.9,7.65,13.96,,373
Delhi,248.01,341.15,186.07,91.07,71.88,68.53,1.55,23.11,41.13,7.26,16.51,,439
Delhi,215.42,352.83,141.69,87.15,64.41,61.04,1.24,25.15,41.95,5.73,12.89,,318
Delhi,194.12,278.62,67.81,65.86,37.59,58.18,0.9,20.52,44.04,5.01,11.17,,390
Delhi,154.52,170.19,20.42,38.85,20.32,36.9,0.77,22.19,47.75,4.48,7.42,,332
Delhi,136.98,218.67,37.15,52.31,28.25,29.21,0.63,32.22,45.09,3.54,8.22,,283
Delhi,141.88,266.86,76.63,64.33,57.96,36.32,0.77,24.76,42.66,5.04,10.38,,300
Delhi,108.26,239.51,55.04,59.2,49.05,28.52,0.71,19.1,36.04,3.76,7.49,,305
Delhi,146.04,314.69,65.31,67.72,56.02,31.36,0.79,21.36,29.92,4.36,7.8,,337
Delhi,216.73,423.24,111.19,79.35,75.14,43.41,0.95,20.33,32.17,6.13,11.09,,417
Delhi,232.37,426.02,109.5,85.07,71.97,45.76,1.03,24.71,33.09,6.29,12.12,,426
Delhi,309.28,318.52,113.37,84.75,49.23,36.49,0.37,11.7,29.53,3.22,7.2,,439
Delhi,222.66,281.83,45.03,63.97,33.71,24.33,0.45,17.67,24.93,3.04,6.1,,382
Delhi,188.08,284.88,38.14,60.94,37.11,39.47,0.93,20.6,33.86,3.98,7.94,,397
Delhi,177.67,206.63,39.9,51.44,35.24,33.13,0.63,18.44,36.21,3.79,6.3,,330
Delhi,218.63,268.67,57.03,66.94,38.35,31.97,0.7,20.52,34.21,6.36,13.3,,358
Delhi,227.68,225.03,30.18,55.95,22.56,25.48,0.6,20.86,34.42,5.75,11.47,,376
Delhi,217.55,207.03,43.74,63.7,36.69,31.55,0.6,22.23,39.1,4.8,9.03,,334
Delhi,349.98,226.74,51.87,63.36,30.05,19.27,0.03,17.93,18.33,1.05,1.49,,387
Delhi,286.6,360.04,78.33,63.71,38.59,24.1,0.09,18.75,19.1,1.24,2.6,,446
Delhi,189.45,277.25,80.42,67.27,46.06,33.51,0.53,20.61,20.57,3.67,8.67,,379
Delhi,230.94,386.49,122.41,92.12,77.3,56.08,1.3,24.56,37.93,7.11,18.8,,375
Delhi,241.78,370.37,128.62,88.02,51.5,69.27,1.08,23.95,40.58,7,21.75,,450
Delhi,135.87,166.57,22.6,50.39,27.1,48.42,0.32,22.04,34.78,3.7,8.16,,340
Delhi,74.92,80.21,32.05,42.24,31.15,31.84,0.35,18.11,36.05,2.29,4.47,,203
Delhi,109.13,144.49,34.83,45.82,33.52,28.3,0.44,18.1,36.87,3.75,6.52,,236
Delhi,132.35,171.91,39.04,46.68,34.02,28.3,0.35,18.12,39.39,3.36,5.81,,252
Delhi,166.71,276.2,110.02,65.43,57.64,40.53,0.83,20.29,36.47,5.54,10.22,,302
Delhi,214.23,316.16,176.81,82.78,73.16,54.92,0.79,22.81,35.58,6.63,18.38,,358
Delhi,136.02,251.31,97.62,64.08,50.05,46.63,0.9,19.51,34.75,4.32,9.29,,317
Delhi,198.24,410.79,190.34,93.86,67.78,60.67,1.26,18.84,36.78,6.76,15.89,,387
Delhi,194.99,427.02,155.9,88.38,66.62,62.33,1.26,19.98,39.02,5.72,14.11,,438
Delhi,186.65,324.14,70.65,62.01,40.48,57.26,0.92,17.04,43.9,4.05,11.24,,407
Delhi,146.49,286.46,33.48,49.57,29.4,40.73,0.84,18.3,44.68,2.87,6,,312
Delhi,176.04,414.89,87.2,60.62,54.74,46.21,1.03,17.23,35.21,4,9.33,,367
Delhi,77.85,218.27,31.01,55.29,34.25,28.73,0.62,16.07,36.12,2.5,5.44,,263
Delhi,129.1,325.78,66.7,69.98,54.66,31.42,0.83,17.2,34.28,3.57,7.19,,287
Delhi,133.12,303.04,61.19,67.24,53.3,39.7,0.75,20.84,36.78,3.34,7.05,,346
Delhi,120.43,272.12,66.43,62.77,55.46,47.34,0.68,20.09,35.09,3.17,5.86,,314
Delhi,129.09,275.18,92.87,58.31,59.11,55.54,0.54,17.55,31.87,2.84,5.56,,314
Delhi,166.55,250.37,97.85,56.97,61.64,95.27,0.38,19.9,31.11,2.2,3.89,,314
Delhi,130.62,268.92,81.77,73.3,61.81,51.62,0.79,21.25,36.88,3.71,8.26,,298
Delhi,168.96,358.24,65.02,81.51,57.92,50.31,0.87,21.87,35.28,4.04,7.54,,319
Delhi,183.98,386.01,82.12,82.14,64.01,54.38,0.78,21.26,31.92,4.76,8.33,,382
Delhi,163.86,335.5,62.07,78.82,55.79,55.87,0.72,21.02,31.57,3.67,7.68,,352
Delhi,112.02,330.9,50.86,72.55,52.64,53.4,0.71,19.33,32.42,3.42,6.45,,309
Delhi,107.13,352.54,81.6,71.98,57.13,62.34,0.66,19.29,30.24,4.05,7.84,,301
Delhi,109.38,364.83,105.3,68.84,64.27,75.4,0.78,18.33,29.1,3.12,6.7,,274
Delhi,126.74,406.49,152.15,67.45,82.63,83.01,1.06,23.96,35.07,3.79,11.64,,313
Delhi,106.92,303.47,67.69,60.72,60.22,66.01,0.7,19.57,33.71,3.44,5.9,,310
Delhi,93.03,270.3,84.46,65.62,62.23,58.5,0.8,19.84,38.35,3.83,10.09,,258
Delhi,182.29,158.96,37.77,55.22,34.91,38.51,0.27,13.77,44.58,2.29,4.93,,238
Delhi,451.25,104.82,22.53,42.2,16.05,29.63,0,6.64,55.11,0.33,2.44,,449
Delhi,425.22,103.74,28.71,46.64,19,34.4,0,8.41,55.2,0.39,2.19,,516
Delhi,328.23,198.09,50.17,59.34,38.8,40.72,0.41,17.55,31.79,1.84,5.09,,520
Delhi,178.5,255.65,68.74,72.8,57.4,43.29,0.8,21.66,35.64,3.67,7.86,,363
Delhi,149.73,382.34,135.95,94.66,72.79,76.09,1.42,28.15,38.79,5.21,15.38,,362
Delhi,127.9,359.47,122.04,79.46,60.34,73.27,0.92,24.07,45.24,5.06,14.64,,397
Delhi,114.68,300.55,64.39,69.08,48.81,62.98,0.47,23.53,35.22,3.36,9.96,,280
Delhi,67.83,181.19,45.45,56.64,41.38,41.85,0.57,19.69,32.02,2.78,7.1,,206
Delhi,82.32,196.84,48.61,60.55,44.96,39.3,0.57,22.03,27.77,3.6,7.78,,190
Delhi,90.6,229.62,42.58,61.48,43.44,34.4,0.69,25.34,31.88,3.71,6.61,,210
Delhi,91.6,242.14,47.05,64.99,47.02,33.66,0.76,26.91,30.68,3.63,6.57,,201
Delhi,112.41,307.78,84.73,65.16,58.96,43.71,0.89,30.7,34.43,4.43,11.46,,243
Delhi,134.4,224.36,37.88,49.88,33.11,36.04,0.43,24.14,35.35,2.93,6.45,,267
Delhi,106.45,142.78,36.2,39.68,21.71,32.12,0.23,20.15,45.45,2.28,5.59,,245
Delhi,68.88,106.39,23.17,33.32,15.14,25.51,0.21,17.93,47.51,1.58,4.4,,165
Delhi,37.49,110.65,29.5,32,17.11,24.61,0.25,19.4,47.14,1.84,5.33,,102
Delhi,64.42,169.87,31.79,32.11,17.93,24.24,0.26,20.11,42.82,2.76,5.78,,159
Delhi,74.58,182.79,17.82,27.78,11.86,21.02,0.24,19.33,34.2,2.78,3.95,,174
Delhi,102.46,284.27,36.09,34.28,21.26,22.58,0.4,22.37,34.99,3.56,7.23,,270
Delhi,112.71,319.97,59.15,42.06,30.58,37.36,0.45,23.96,32.01,3.83,9.02,,397
Delhi,125.8,348.95,73.95,42.18,35,43.07,0.52,23.59,31.9,3.93,9.51,,371
Delhi,114.07,288.64,36.4,38.7,20.84,29.62,0.65,21.42,32.6,3.29,6.72,,328
Delhi,96.39,267.96,43.27,46.65,25.98,33.5,0.6,22.29,33.42,3.35,7.45,,254
Delhi,120.43,350.42,80.86,51.65,41.4,43.17,0.81,22.89,31.83,4.4,9.77,,342
Delhi,121.21,332.73,41.69,49.53,26.14,34.32,0.77,22.25,30.92,3.66,6.47,,367
Delhi,128.51,365.67,46.31,51.94,29.59,33.99,0.83,24.38,28.61,4.41,7.75,,400
Delhi,120.88,405.64,86.41,69.31,31.85,49.03,0.58,28.88,20.88,4.89,10.6,,390
Delhi,151.17,342.53,135.8,70.55,29.17,73.23,0.55,27.21,31.7,2.33,5.55,,417
Delhi,149.42,282.88,45.21,79.52,32.77,76.02,0.68,22.09,19.74,1.7,3.68,,359
Delhi,168.23,254.71,49.68,83.82,45.26,59.37,0.31,15.18,22.26,1.5,2.76,,309
Delhi,118.34,247.77,43.09,78.84,42.21,53.05,0.31,14.85,23.14,1.56,2.36,,292
Delhi,156.38,218.98,38.44,79.24,40.77,52.56,0.33,17.55,23.49,1.53,2.67,,278
Delhi,152.66,289.95,61.08,85.54,53.58,61.73,0.42,18.24,18.81,2.47,4.81,,320
Delhi,113.62,311.56,77.91,75.87,59.57,58.95,0.45,17.26,15.36,3.28,5.26,,350
Delhi,69.44,204.22,61.61,76.28,46.32,57.35,0.37,23.72,14.88,1.59,2.94,,234
Delhi,91.19,285.69,76.66,84.22,56.29,67.36,0.41,20.48,22.61,2.01,4.14,,233
Delhi,105.71,291.02,84.88,81.75,63.72,68.33,0.52,20.05,22.94,2.85,6.71,,341
Delhi,83.36,210.86,49.44,77.96,46.98,59.67,0.42,19.33,34.73,2.13,4.93,,259
Delhi,70.62,192.27,55.93,83.8,49.07,58.96,0.37,24.03,32.92,1.52,3.35,,204
Delhi,84.4,234.82,57.09,73.67,43.73,63.38,0.39,24.14,31.95,1.58,2.83,,220
Delhi,47.67,207.72,34.82,64.65,34.67,66.8,0.32,19.75,29.86,1.09,4.83,,255
Delhi,62.44,252.48,39.61,67.13,39.78,59.04,0.3,17.21,30.66,0.96,2.04,,211
Delhi,150.76,543,61.75,74.99,47.72,51.4,0.35,27.69,35.44,1.68,3.49,,428
Delhi,151.25,410.15,104.57,77.6,56.4,55.26,0.48,33.4,36.52,2.03,3.68,,497
Delhi,68.88,190.42,36.79,68.1,34.4,38.77,0.27,22.78,52.48,0.89,1.81,,289
Delhi,129.15,237.88,33.56,72.06,34.8,37.48,0.29,21.85,54.89,1.16,2.21,,285
Delhi,146.59,253.07,40.88,71.58,39.52,40.69,0.33,24.49,45.45,1.83,6.95,,368
Delhi,107.69,309.37,45.69,61.17,50.77,43.01,0.64,32.76,33.49,3.08,17.79,,304
Delhi,163.97,375.82,146.3,87.79,59.71,54.53,1.06,43.82,27.66,4.98,22.01,,377
Delhi,184.69,371.87,140.56,110.15,65.91,67.47,1.1,50.31,43.31,6.04,29.96,,418
Delhi,176.54,343.62,156.79,102.4,58.09,63.27,1,42.8,28.5,6.94,42.03,,355
Delhi,175.23,409.95,114.73,102.55,57.91,38.41,1.12,62.6,40.1,8.34,41.02,,416
Delhi,145.22,389.03,62.73,102.55,48.4,42.18,0.75,42.39,35.43,5.76,31.63,,403
Delhi,152.84,400.78,56.91,88.05,32.95,41.14,0.4,44.15,28.65,5.52,23.71,,415
Delhi,136.35,356.47,90.13,80.08,43.78,50.75,0.67,41.33,32.02,4.79,21.33,,412
Delhi,152.99,324.19,145.19,93.15,64.74,64.48,0.9,37.38,49.2,4.42,18.78,,394
Delhi,130.13,409.7,43.34,103.25,32.82,54.57,0.54,30.82,56.86,2.39,14.76,,357
Delhi,110.54,263.66,38.45,93.8,20.08,39.46,0,,,0.5,0,,291
Delhi,103.42,260.82,69.5,75.05,37.43,40.33,0.28,29.4,55.86,1,5.6,,244
Delhi,99.09,266.24,59.96,61.32,37.61,34.43,1.09,31.95,42.6,2.04,18.62,,287
Delhi,96.07,287.92,46.18,69.59,44.02,31,0.63,39.9,50.43,2.06,14.87,,254
Delhi,72.31,189.5,69.69,72.94,57.76,34.01,0.63,29.27,38.6,1.62,18.82,,242
Delhi,93.14,271.06,73.82,73.49,59.27,37.41,0.72,46.69,41.04,2,15.72,,223
Delhi,109.36,271.94,61.19,68.76,52.75,33.57,0.86,39.58,33.66,2.14,13.35,,243
Delhi,126.74,303.75,82.18,85.21,66.92,42.48,1.1,54.52,40.95,3.13,16.23,,237
Delhi,80.81,234.05,33.5,65.55,32.27,34.42,0.71,46.62,57.8,2.1,13.6,,275
Delhi,85.8,211.83,64.66,70.38,41.01,40.22,1.05,56.64,42.85,2.89,16.32,,183
Delhi,198.2,313.23,133.01,108.48,65.63,44.95,1.41,50.78,58.08,3.14,16.69,,370
Delhi,145.74,367.73,62.01,97.21,58.52,44.27,1.06,54.83,43.78,3.15,16.32,,419
Delhi,109.91,302.02,44.86,67.76,43.5,34.41,0.83,34.97,45.95,1.7,12.37,,317
Delhi,207.4,429.32,68.51,75.66,56.71,32.24,0.99,46.67,50.69,3.17,12.7,,455
Delhi,204.56,363.53,126.22,92.19,74.14,37.01,1.5,51.7,43.3,3.96,16.74,,435
Delhi,220.77,376.33,150.24,92.34,91.72,41.82,2.08,45.39,42.33,4.33,17.84,,468
Delhi,183.82,392.34,78.17,94.19,68.74,50.62,1.34,52.99,39.49,4.58,16.63,,442
Delhi,109.76,334.65,24.91,65.21,35.7,36.69,0.64,36.94,43.99,2.73,21.07,,400
Delhi,74.42,242.54,11.75,46.48,21.01,34.59,0.6,35.61,61.69,1.94,14.05,,223
Delhi,94.28,263.87,25.99,62.22,35.29,30.7,0.85,44.94,68.53,2.83,17.74,,220
Delhi,216.96,500.59,47.65,70.84,46.27,35.38,0.89,65.5,66.7,3.33,18.9,,474
Delhi,198.09,356.85,72.18,87.53,69.94,42.62,1.17,53.24,63.83,4.61,26.2,,479
Delhi,121.76,334.51,61.83,70.37,58.22,32.57,0.89,44.98,41.08,4.09,23.08,,373
Delhi,135.54,381.35,89.05,75.55,69.21,37.08,0.7,46.16,34.75,3.43,18.26,,354
Delhi,123.21,375.15,34.5,54.83,30.75,20.17,0.57,41.96,52.5,2.51,14.55,,349
Delhi,78.18,287.99,24.59,47.84,30.59,12.09,0.4,39.01,48.38,1.62,12.72,,264
Delhi,126.04,279.92,9.76,50.3,20.34,13.57,0.41,55.11,52.39,2.24,13.46,,188
Delhi,139.1,329.12,37.79,58.93,38.72,27.59,0.71,41.31,45.33,1.72,11.14,,294
Delhi,233.82,352.76,58.84,59.74,41.26,25.31,0.9,36.26,46.67,1.84,11.51,,334
Delhi,178.44,505.07,65.22,52.38,37.23,13.02,0.88,40.4,49.89,2.42,13.96,,505
Delhi,110.1,386.67,72.51,63.7,49.96,39.38,0.99,35.36,40.92,3.31,17.75,,349
Delhi,118.43,326.02,135.99,84.21,38.66,56.89,0.89,37.55,39.59,3.5,18.52,,421
Delhi,107.37,252.35,32.51,80.72,21.67,42.37,0.47,42.21,39.1,3.96,18.3,,238
Delhi,113.9,222.88,20,65.71,23.38,33.07,0.56,41.43,30.8,2.74,14.63,,204
Delhi,103.75,301.57,19.37,79.07,31.23,49.97,0.65,41.4,53.9,2.56,11.12,,289
Delhi,69.88,317.07,8.83,50.12,15.96,39.95,0.53,38.55,53.22,1.35,9.27,,236
Delhi,40.33,150.34,7.16,45.6,15.27,37.97,0.49,31.5,57.01,1.37,9.65,,148
Delhi,48.95,150.23,18.15,55.2,23.76,41.24,0.54,26.99,49,1.8,11.24,,94
Delhi,63.27,174.62,17.45,64.11,26.54,47.68,0.5,26.15,54.23,2.2,13.37,,130
Delhi,56.38,137.62,26.49,69.98,30.75,53.68,0.83,21.94,50.95,2.37,12.75,,123
Delhi,95.23,257.16,53.45,97.33,52.3,57.81,1.08,23,65.67,3.26,15.28,,192
Guwahati,27.82,44.86,1.53,8.06,11.16,8.96,0.38,19.39,67.62,0.29,,,77
Guwahati,20.83,44.79,1.59,8.33,11.54,7.62,0.39,19.61,66.8,0.37,,,79
Guwahati,23.05,38.97,1.92,9.44,13.27,7.66,0.43,19.7,55.16,0.4,,,73
Guwahati,33.35,57.32,2.48,10.32,15.13,8.63,0.57,19.81,35.5,0.46,,,62
Guwahati,65.01,85.31,4.49,13.27,19.4,12.61,0.49,19.73,47.25,0.37,,,99
Guwahati,28.15,43.75,3,11.58,17.32,14.18,0.44,19.46,62.12,1.42,,,122
Guwahati,19.79,31.95,1.78,12.33,16.15,10.74,0.45,18.08,66.56,0.35,,,86
Guwahati,24.78,42.72,2.31,11.17,15.77,8.53,0.47,17.77,51.65,0.4,,,68
Guwahati,22.83,34.43,3.17,14.25,20.49,8.09,0.51,17.12,52.04,0.22,,,73
Guwahati,21.29,33.06,2.18,9.06,13.28,7.43,0.42,16.41,56.76,0.31,,,70
Guwahati,43.79,68.51,4.43,12.25,20.41,7.09,0.78,16.44,35.22,0.47,,,62
Guwahati,37.7,67.11,9.4,15.82,32.38,9.71,0.61,16.15,53.11,0.3,,,93
Guwahati,31.53,52.71,3.61,13.08,19.94,8.7,0.54,15.87,46.88,3.21,,,68
Guwahati,26.94,43.89,2.99,10.37,16.01,8.33,0.44,15.73,45.87,0.22,,,63
Guwahati,13.59,22.87,2.23,10.73,15.16,8.69,0.4,15.89,51.75,0.21,,,73
Guwahati,11.79,60.02,1.72,9.53,13.04,8.06,0.36,15.81,62.69,0.16,,,71
Guwahati,18.92,626.63,3.27,12.52,18.78,5.01,0.55,15.47,39.05,0.23,,,210
Guwahati,34.57,492.89,13.08,17.89,40.64,5.68,0.79,15.69,29.29,0.48,,,838
Guwahati,27.48,47.82,13.17,17.05,39.87,7.03,0.66,15.93,47.42,0.35,,,149
Guwahati,21.41,37.36,3.32,12.81,19.17,5.97,0.5,16.01,43.42,0.2,,,61
Guwahati,43.72,81.41,14.81,18.48,44.13,5.93,0.79,16.31,35.31,0.48,,,72
Guwahati,41.37,83.59,17.55,21.24,51.58,7.31,0.75,16.45,51.37,9.94,,,102
Guwahati,26.04,44.89,6.58,18.76,30.9,6.2,0.54,16.06,54.01,0.28,,,79
Guwahati,41.11,75.12,16.05,21.67,49.55,6.11,0.81,16.49,37.43,0.59,,,75
Guwahati,60.98,110.62,22.75,21.15,59.98,6.24,0.89,16.61,27.05,0.56,,,106
Guwahati,25.38,42.39,2.06,11.09,15.26,6.51,0.46,16.25,45.13,0.27,,,72
Guwahati,12.52,21.47,3.09,11.44,17.34,6.66,0.37,16.17,42.61,0.25,,,54
Guwahati,17.31,34.47,3.14,9.15,14.94,4.76,0.45,16.17,35.34,0.47,,,48
Guwahati,30.62,86.21,3.86,13.14,20.4,4.89,0.48,16.34,26.23,0.35,,,55
Guwahati,27.55,59.02,6.05,12.89,23.72,7.96,0.6,16.5,33.25,0.43,,,78
Guwahati,12.76,21.4,2.89,6.72,11.94,9.85,0.4,16.83,28.39,0.19,,,48
Guwahati,19.87,31.33,6.06,8.81,19.4,9.92,0.4,16.85,25.78,0.32,,,33
Guwahati,20.31,38.23,9.79,10.66,27.48,9.98,0.5,14.04,17.28,0.36,,,40
Guwahati,25.53,41.4,4.31,13.11,21.11,10.74,0.53,10.42,3.18,0.34,,,41
Guwahati,36.68,72.67,9.54,18.64,35.62,11.22,0.68,10.68,3.23,0.3,,,60
Guwahati,47.66,87.66,11.8,16.46,37.01,10.16,0.58,10.53,2.93,0.4,,,99
Guwahati,17.68,31.6,6.87,13.25,25.47,9.28,0.44,10.44,1.8,0.4,,,45
Guwahati,24.04,40.88,3.38,9.73,15.98,8.16,0.54,10.49,3.32,0.38,,,38
Guwahati,25.93,43.13,3,11.79,17.53,8.27,0.52,10.56,3.79,0.32,,,44
Guwahati,34.51,49.9,2.2,13.27,17.82,6.8,0.53,10.55,3.63,0.38,,,49
Guwahati,33.51,55.87,4.68,15.51,24.31,6.04,0.61,10.6,3.15,0.39,,,54
Guwahati,55.23,102.95,13.86,22.06,46.37,7.67,0.74,10.57,2.58,0.41,,,89
Guwahati,40.38,77.63,10.12,16.77,34.58,8.73,0.7,10.55,1.79,0.25,,,93
Guwahati,33.32,63.97,13.84,15.6,39.42,9.3,0.77,10.57,1.29,3.42,,,76
Guwahati,27.98,50.76,6.1,11.32,22.16,8.4,0.61,10.56,2.04,0.25,,,54
Guwahati,19.01,35.11,1.61,6.61,9.74,7.31,0.35,10.64,4.39,0.16,,,44
Guwahati,23.66,43.56,2.36,9.02,13.53,12.36,0.38,11.33,5.01,0.2,,,40
Guwahati,30.18,57.35,8.69,14.71,30,15.17,0.48,11.6,3.19,0.61,,,58
Guwahati,18.59,29.17,2.16,10.41,14.69,9.14,0.44,10.59,2.94,0.26,,,41
Guwahati,18.79,25.88,2.24,8.46,12.74,8.35,0.46,10.63,2.2,0.5,,,31
Guwahati,29.61,43.21,4.86,14.92,23.96,6.99,0.58,10.65,2.04,33.25,,,40
Guwahati,22.27,34.39,5.93,12.56,23.19,6.28,0.51,10.73,1.98,0.74,,,47
Guwahati,32.27,60.43,11.91,14.26,34.84,5.52,0.66,10.79,2.31,0.58,,,55
Guwahati,33.01,62.82,19.65,16.5,49.9,5.57,0.63,10.86,2.14,0.54,,,71
Guwahati,13.73,27.33,3.66,9.45,16.12,6.07,0.38,10.65,1.97,3.86,,,39
Guwahati,12.9,25.28,4.91,9.95,18.74,5.19,0.34,10.78,1.5,3.86,,,25
Guwahati,15.47,32.63,2.88,9.96,15.36,4.53,0.42,10.7,4.22,0.5,,,33
Guwahati,21.1,43.36,5.24,12.65,22.14,5.7,0.51,10.59,13.59,0.05,,,46
Guwahati,7.74,75.98,4.13,10.04,17.54,4.99,0.3,10.37,21.24,0.04,,,46
Guwahati,5.39,10.53,1.99,6.5,10.24,3.85,0.25,10.25,21.89,,,,53
Guwahati,10.63,76.75,3.84,6.73,13.49,3.68,0.27,10.27,20.61,20.5,,,42
Guwahati,169.55,491.54,14.34,9.5,32.51,20.94,0.39,9.32,22.13,61.62,,,
Guwahati,85.38,94.28,28.36,12.82,58.56,23.18,0.72,9.9,11.77,22.02,,,
Guwahati,25.18,34.16,7.07,9.97,22.29,12.28,0.52,10.41,17.9,0.17,,,64
Guwahati,23.66,34.66,4.77,10.55,19.13,8.86,0.55,10.5,13.14,3.64,,,36
Guwahati,24.52,43.9,5.88,11.17,21.58,9.95,0.55,10.47,9.18,0.19,,,47
Guwahati,21.91,37.61,9.69,10.66,27.32,8.22,0.45,10.65,8.3,0.16,,,57
Guwahati,21.76,69.57,4.12,9.4,16.85,6.56,0.48,10.67,7.88,0.19,,,38
Guwahati,80.31,149.69,7.52,10.85,23.95,6.07,0.61,10.63,4.6,0.29,,,118
Guwahati,68.31,135.68,13.45,11.46,34.37,7.62,0.55,10.8,12.82,0.15,,,161
Guwahati,41.72,73.42,6.72,9.98,21.71,6.2,0.54,10.84,11.78,0.05,,,91
Guwahati,43.43,70.87,7.05,11.38,23.78,6.88,0.59,11.14,5.55,0.08,,,88
Guwahati,26.73,167.95,5.14,10.39,19.59,8.73,0.45,10.92,1.63,3.21,,,103
Guwahati,22.94,39.38,1.85,6.25,9.73,8.54,0.33,10.96,1.47,0.16,,,96
Guwahati,59.28,79.72,3.37,8.78,14.92,7.34,0.41,10.91,9.75,0.23,,,66
Guwahati,17.81,118.36,2.35,7.42,11.8,7.81,0.38,10.86,19.91,0.28,,,101
Guwahati,19.41,76.32,4.3,9.77,17.57,7.5,0.37,10.91,16.99,0.12,,,98
Guwahati,27.99,50.9,9.21,11.31,27.23,6.96,0.57,10.49,18.3,0.11,,,74
Guwahati,59.27,79.88,3.43,8.75,14.99,6.51,0.35,11.02,20.01,0.33,,,62
Guwahati,11.93,26.31,4.07,7.69,14.92,4.17,0.34,11.29,18.86,0.06,,,68
Guwahati,24.95,49.12,12.19,9.47,30.16,3.67,0.58,11.28,16.85,0.15,,,54
Guwahati,89.85,220.16,5.94,10.86,21.38,4.39,0.43,10.86,17.6,0.23,,,91
Guwahati,68.67,153.57,6.91,10.76,22.86,7.24,0.47,11.18,14.86,0.38,,,182
Guwahati,54.9,150.89,3.38,8.22,13.1,8.98,0.37,11.03,18.1,0.09,,,150
Guwahati,40.56,52.31,4.7,9.14,17.51,7.43,0.31,11.18,17.88,0.21,,,104
Guwahati,76.43,157.77,6.89,8.03,19.89,4.83,0.43,11.14,17.4,0.18,,,92
Guwahati,59.08,117.59,5.63,9.33,19.22,4.88,0.44,11.17,16.38,0.06,,,164
Guwahati,18.86,40.47,7.74,10.96,24.46,6.13,0.49,11.36,17.67,0.15,,,87
Guwahati,79.19,194.51,6.5,10.05,21.44,3.8,0.44,11.09,18.4,0.14,,,40
Guwahati,21.24,91.02,6.92,10.15,22.24,5.42,0.59,11.29,20.37,0.17,,,104
Guwahati,11.86,34.75,5.14,9.62,18.77,8.94,0.39,11.51,15.62,0.07,,,74
Guwahati,12.02,66.2,4.91,9.24,17.96,8.16,0.35,11.41,15.61,17.42,,,47
Guwahati,49.04,427.84,3.14,8.59,14.37,6.84,0.36,11.27,15.7,1.99,,,246
Guwahati,16.54,190.86,3.32,6.67,12.59,6.53,0.39,11.41,16.02,38.35,,,266
Guwahati,26.59,164.97,5.49,10.37,20.12,5.49,0.42,11.62,16.4,0.11,,,102
Guwahati,24.16,847.41,9.21,10.25,26.11,4.6,0.49,11.32,15.89,0.28,,,488
Guwahati,14.9,554.83,4.03,9.4,16.67,5.36,0.39,11.22,15.63,17.73,,,956
Guwahati,15.95,27.49,3.03,7.78,13.32,7.04,0.34,11.42,15.71,21.52,,,141
Guwahati,19.03,35.6,4.78,6.07,14.3,9.78,0.37,11.9,15.83,4.24,,,36
Guwahati,22.78,67.25,11.27,13.33,32.79,7.37,0.51,11.79,15.86,21.63,,,43
Guwahati,30.14,54.16,6.89,10.57,22.65,6.69,0.56,11.81,16.35,0.22,,,69
Guwahati,23.21,43.52,2.52,6.35,10.94,5.28,0.44,11.73,15.89,0,,,49
Guwahati,19.03,38.04,4.58,8.63,16.75,4.87,0.36,11.74,15.98,91.16,,,38
Guwahati,25.11,47.12,2.84,7.61,12.82,5.4,0.44,11.85,16.4,22.79,,,48
Guwahati,26.75,49.44,2.52,8.73,13.49,5.81,0.4,11.87,16.34,19.63,,,41
Guwahati,33.4,68.83,9.18,14.94,31.07,6.64,0.56,12.03,16.11,47.87,,,68
Guwahati,23.87,44.49,2.86,8.98,14.3,6.14,0.43,12.01,16.32,,,,54
Guwahati,8.55,19.11,2.39,6.88,11.3,5.57,0.34,12.06,16.25,,,,30
Guwahati,11.11,21.98,1.83,5.98,9.42,3.72,0.34,11.95,16.5,,,,26
Guwahati,21.45,36.86,8.49,11.68,26.44,4.58,0.44,12.24,19.68,59.86,,,32
Guwahati,23.45,46.99,10.58,12.59,30.85,5.13,0.58,12.12,37.54,92.42,,,52
Guwahati,26.74,42.76,6.92,12.48,24.73,5.28,0.59,11.83,20.58,66.77,,,48
Guwahati,20.83,35.25,3.76,9.24,16.06,5.79,0.52,11.79,12.59,87.29,,,41
Guwahati,21.66,37.24,15.77,11.55,38.26,7.24,0.57,11.96,19.92,25.37,,,52
Guwahati,14.39,33.16,7.98,9.13,22.35,10.86,0.53,12.11,71.45,72.38,,,113
Guwahati,25.64,56.42,10.43,11.26,29.18,7.01,0.68,12.17,25.48,,,,58
Guwahati,30.97,66.26,16.64,16.77,45.28,3.8,0.7,12.03,7.07,,,,62
Guwahati,14.23,33.81,10.49,9.12,26.99,3.42,0.58,12.13,8.86,32.75,,,54
Guwahati,17.61,32.1,12.9,10.16,32.06,3.49,0.56,12.18,9.97,8.02,,,35
Guwahati,13.85,29.83,10.12,9.13,26.37,5.16,0.59,12.51,11.06,0,,,46
Guwahati,12.24,26.77,3.91,6.3,13.18,4.3,0.43,12.21,12.73,5.57,,,34
Guwahati,24.75,47.56,7.87,9.07,22.66,2.7,0.48,12,14.7,0,,,34
Guwahati,25.82,48.97,9.48,8.46,24.61,1.83,0.52,12.05,15.1,0,,,53
Guwahati,23.45,44.1,9.06,8.83,24.32,2,0.56,12.1,15.53,0,,,46
Guwahati,22.01,45.15,10.77,11.61,30.14,2.32,0.57,12.4,16.13,0,,,51
Guwahati,34.11,59.01,7.96,10.78,24.62,2.48,0.56,12.44,16.46,0,,,55
Guwahati,24,62.32,5.96,8.51,18.9,2.86,0.52,12.72,16.05,0,,,58
Guwahati,17.8,28.7,4.71,7.01,15.22,2.28,0.46,12.85,16.14,23.67,,,43
Guwahati,23.58,44.23,5.71,8.08,18.04,2.27,0.5,12.66,16.45,0.04,,,41
Guwahati,19.88,42.48,5.45,5.59,14.95,2.11,0.49,12.72,17.39,14.8,,,48
Guwahati,22.61,42.44,1.65,7.02,10.23,2.32,0.43,12.55,17.21,0,,,40
Guwahati,25.35,48.51,8.38,10.34,24.85,2.35,0.59,12.42,16.84,0.02,,,46
Guwahati,23.6,41.41,11,6.41,24.93,2.75,0.73,12.88,17.36,0.08,,,62
Guwahati,32.73,66.47,11.97,14.64,35.35,1.86,0.55,13.89,17.26,0.3,,,44
Guwahati,37.23,75.6,16,14.84,42.15,1.87,0.7,13.99,17.87,9.34,,,80
Guwahati,31.67,63.53,7.14,12.68,25.3,2.17,0.52,13.49,17.49,0.27,,,68
Guwahati,33.58,60.78,13.53,12.31,35.37,2.14,0.52,15.6,17.18,0.69,,,65
Guwahati,11.65,21.62,2.55,5.22,9.81,1.84,0.36,13.36,17.16,0.29,,,35
Guwahati,11.83,18.96,4.29,7.54,15.1,1.93,0.44,13.18,17.1,1.2,,,26
Guwahati,12.59,21.57,6.27,5.97,16.7,1.64,0.48,13.16,17.38,0.61,,,26
Guwahati,27.75,49.24,13.45,6.98,29.55,1.71,0.77,13.67,17.37,0,,,58
Guwahati,21.98,43,10.76,9.97,28.36,1.42,0.6,13.7,17.26,0,,,47
Guwahati,23.77,49.25,16.37,9.2,36.74,1.29,0.64,13.99,17.43,0,,,52
Guwahati,22.12,38.18,11.25,9.48,28.62,1.28,0.54,13.7,17.39,0,,,39
Guwahati,20.06,32.53,9.66,7.97,24.39,1.6,0.57,13.83,17.28,13.65,,,41
Guwahati,11.78,22.1,7.12,7.16,19.36,2.28,0.55,13.73,17.38,0,,,37
Guwahati,19.97,41.61,11.06,6.86,25.51,1.98,0.48,13.63,17.54,0,,,30
Guwahati,29.56,60.78,17.18,8.38,37.17,1.49,0.78,14.54,17.8,0,,,66
Guwahati,30.94,64.05,15.39,11.52,37.61,1.54,0.66,14.49,18.22,0,,,60
Guwahati,39.61,72.7,18.47,13.23,44.44,1.85,0.65,14.85,18.51,0,,,70
Guwahati,57.59,97.74,17.03,12.49,41.34,2.45,0.88,18.9,18.28,0,,,83
Guwahati,30.21,53.93,6.3,11.94,23.14,1.98,0.68,14.83,17.91,0,,,82
Guwahati,12.8,26.86,3.5,7.53,13.81,1.55,0.45,14.17,17.86,0,,,38
Guwahati,18.44,32.5,5.92,7.62,17.87,1.3,0.45,14.03,17.9,0,,,27
Guwahati,20.81,40.97,16.9,11.06,39.57,1.41,0.47,14.25,18.3,0,,,34
Guwahati,32.15,63.9,30.7,14.46,65.87,2.01,0.73,15.3,18.47,0,,,78
Guwahati,41.46,82.09,35.46,17.13,76.59,2.23,0.68,15.63,18.3,0,,,86
Guwahati,60.17,105.48,43.9,20.3,93.8,2.6,0.76,16.42,18.37,0,,,113
Guwahati,51.01,103.55,36.63,20.01,81.59,2.62,0.76,16.42,18.22,0,,,111
Guwahati,45.02,75.22,16.25,17.03,44.93,2.3,0.76,15.65,17.94,0,,,89
Guwahati,45.33,96.37,25.47,18.6,61.72,2.26,0.78,15.66,17.58,0,,,
Guwahati,47.43,94.31,30.54,20.29,71.89,2.42,0.82,15.24,17.8,16.54,,,94
Guwahati,52.61,112.77,37.05,19.98,82.21,2.5,0.79,13.83,17.93,0,,,101
Guwahati,49.51,101.76,36.09,20,80.67,3.49,0.8,14.1,18.18,0,,,110
Guwahati,46.36,89.37,17.22,15.39,44.77,4.21,0.73,13.48,18.33,0,,,98
Guwahati,57.99,96.19,11.76,10.89,30.96,3.42,0.72,14.21,18.92,0,,,88
Guwahati,84.13,130.98,14.5,13.86,38.65,4.49,0.72,15.31,22.33,0,,,123
Guwahati,91.53,152.07,29.91,21.77,72.42,6.43,1,15.95,20.89,0,,,215
Guwahati,55.9,84.17,13,14.82,37.2,7.42,0.74,12.04,17.8,0,,,174
Guwahati,10.4,16.8,7.91,8.85,22.46,6.74,0.36,9.64,17.77,0,,,43
Guwahati,5.85,12.02,7.36,7.05,19.64,4.83,0.32,9.77,17.84,0,,,27
Guwahati,96.59,124.95,21.02,7.33,42.38,4.26,0.45,9.81,17.86,0,,,45
Guwahati,199.86,258.02,41.87,11.35,80.91,5.61,0.83,10.07,18.06,0,,,351
Guwahati,87.95,132.05,31.03,13.43,65.31,4.58,0.75,9.93,18.32,0,,,326
Guwahati,45.98,81.6,29.74,14.17,64,3.83,0.87,9.82,17.84,0,,,86
Guwahati,52.71,145.35,22.93,14.61,53.27,4.48,0.91,9.69,18.13,0,,,91
Guwahati,38.53,124.06,29.12,14.21,63.04,3.89,0.72,9.65,17.8,0.01,,,142
Guwahati,47.68,105.97,39.78,16.91,83.4,3.56,0.8,9.82,17.83,0.04,,,112
Guwahati,50.28,99.52,44.59,13.91,88.1,3.19,0.79,9.92,17.74,0.03,,,116
Guwahati,48.37,127.35,39.63,16.39,82.59,3.33,0.81,9.88,17.86,2.88,,,113
Guwahati,51.29,130.43,53.03,18.23,106.59,3.84,0.88,10.17,18.27,22.52,,,123
Guwahati,41.07,73.87,28.25,13.6,60.94,3.93,0.7,10.04,18.19,13.45,,,90
Guwahati,53.17,112.41,44.87,15.87,90.67,4.59,0.9,10.36,18.06,2.2,,,110
Guwahati,46.78,101.47,30.12,12.73,63.12,4.26,0.87,10.17,18.06,3.19,,,114
Guwahati,46.15,72.78,14.02,11.2,34.99,3.08,0.77,10.01,17.91,2.67,,,84
Guwahati,15.96,28.8,11.05,8.88,27.67,2.95,0.54,10.1,18.07,1.99,,,50
Guwahati,25.98,50.97,18.57,11.88,43.23,2.34,0.52,10.01,18.12,2,,,36
Guwahati,66.5,115.05,48.72,13.55,94.49,5.59,0.95,10.4,18.17,4.02,,,96
Guwahati,49.33,91.14,51.11,16.54,101.62,5.75,0.95,10.44,17.93,4.06,,,133
Guwahati,53.17,101.59,40.79,14.87,82.87,5.25,0.98,10.34,18.16,4.64,,,105
Guwahati,64.61,198.38,48.83,15.93,97.21,5.25,0.96,10.4,18.23,3.8,,,154
Guwahati,63.24,140.29,66.61,19.74,130.53,5.01,0.91,10.3,18.2,2.53,,,136
Guwahati,84.99,151.83,65.59,20.12,129.26,5.94,0.99,10.69,18.52,2.42,,,165
Guwahati,105.95,172.29,36.23,19.81,80.68,7.72,1.16,10.48,21.94,2.45,,,226
Guwahati,101.7,155.67,35.92,15.08,75.16,10.07,1.13,10.58,19.53,2.46,,,290
Guwahati,51.3,94.31,16,13.37,40.59,6.56,0.61,10,18.18,1.57,,,129
Guwahati,69.59,129.07,52.87,18.9,107.1,4.4,0.87,10.04,17.49,2.77,,,112
Guwahati,68.87,125.67,55.15,16.71,108.47,5.83,0.93,10.44,17.71,2.53,,,135
Guwahati,84.51,143.51,56.95,13.7,108.16,10.85,1.02,10.96,18.14,2.32,,,148
Guwahati,83.44,138.8,63.49,14.23,119.48,11.7,0.94,11.03,18.05,2.03,,,185
Guwahati,84.86,143.37,58.45,13.89,110.84,11.45,0.93,11.02,17.94,2.36,,,180
Guwahati,93.22,165.55,54.18,13.55,103.49,11.79,1.09,10.92,18.14,2.49,,,197
Guwahati,73.44,126.46,40.99,13.88,82.17,10.7,1,10.75,18.19,2.3,,,182
Guwahati,87.21,135.39,45.65,13.77,89.7,10.4,1.05,10.79,18.3,2.16,,,136
Guwahati,96.93,166.82,61.71,14.52,116.9,10.81,1.09,11.11,18.14,10.82,,,183
Guwahati,98.28,167.22,56.2,13.48,106.7,11.77,1.14,11.07,18.22,2.12,,,230
Guwahati,77.08,125.23,27.69,10.73,56.97,11.89,0.83,10.76,18.23,1.48,,,211
Guwahati,66.64,108.71,18.3,8.41,39.08,10.35,0.64,10.75,17.99,1.33,,,102
Guwahati,86.17,140.23,53.64,10.02,98.8,11.72,1.02,11.39,18.04,1.92,,,181
Guwahati,91.37,160.65,71.34,11.55,129.47,11.57,1.14,11.58,17.97,2.59,,,198
Guwahati,78.66,138.03,55.99,11.6,104.35,11.55,1.03,11.33,17.89,1.77,,,184
Guwahati,89.58,163.87,48.09,11.17,90.9,12.43,1.04,11.3,17.95,1.95,,,170
Guwahati,86.47,160.39,45.25,11.36,86.45,13.4,1.03,11.34,18.03,1.81,,,206
Guwahati,101.34,166.41,45.18,11.39,86.36,12.71,1.05,11.38,18.01,2.07,,,206
Guwahati,112.06,191.09,65.43,14.22,122.65,14.79,1.31,11.98,18.18,2.12,,,251
Guwahati,149.21,212.45,45.12,11.83,86.76,19.7,1.35,12.23,18.4,2.46,,,278
Guwahati,118.52,174.54,30.25,10.72,61.16,22.66,1.34,12.38,18.47,2.95,,,328
Guwahati,124.58,162.11,23.79,9.56,49.3,19.26,1.18,12.22,18.35,2.37,,,224
Guwahati,106.59,161.14,37.5,9.08,71.29,16.26,1.21,12.19,18.2,1.87,,,309
Guwahati,112.56,162.85,45.54,11.41,86.99,17.7,1.11,12.4,18.33,1.94,,,228
Guwahati,121.98,172.89,67.71,13.37,125.5,18.43,1.25,12.74,18.27,2.12,,,303
Guwahati,136.78,205.02,42.12,11.71,81.69,17.71,1.15,12.13,19.6,4.26,,,304
Guwahati,103.64,155.46,29.58,11.09,60.43,18.22,0.94,11.54,18.96,1.48,,,299
Guwahati,122.34,183.08,35.05,12.46,70.88,18.06,1.08,11.94,18.21,1.54,,,257
Guwahati,152.47,209.45,25.57,10.71,53.45,17.01,1.17,11.64,19.04,1.27,,,310
Guwahati,135.44,197.3,31.24,9.08,61.01,18.17,1.35,11.53,18.22,1.36,,,327
Guwahati,107.19,154.52,9.04,9.17,24.67,16.26,0.94,11.23,18.59,0.81,,,297
Guwahati,117.3,172.33,12.52,9.15,30.35,16.21,1.03,11.49,18.22,0.86,,,289
Guwahati,159.75,223.93,21.66,8.9,45.11,15.68,1.38,11.4,18.1,1.6,,,276
Guwahati,176.67,254.82,48.55,9.44,89.82,16.06,1.92,11.89,18.04,3.85,,,347
Guwahati,210.84,338,71.18,10.99,128.62,16.63,2.12,11.97,17.89,3.68,,,356
Guwahati,183.04,267.99,71.29,12.73,130.71,15.45,1.93,12.18,17.98,2.42,,,329
Guwahati,113.44,162.48,35.78,11.56,71.11,14.77,1.44,12.03,19.09,1.53,,,336
Guwahati,129.61,177.9,31,11.46,63.16,15.03,1.26,11.93,19.71,1.01,,,243
Guwahati,155.36,226.01,69.52,11.86,126.84,14.3,1.64,12.38,17.93,1.68,,,319
Guwahati,162.59,254.51,77.51,13.42,141.62,13.83,1.82,12.52,19.55,1.94,,,334
Guwahati,162.27,248.02,60.31,15.39,115.5,14.34,1.99,12.45,17.99,1.7,,,334
Guwahati,139.24,199.53,48.88,11.41,92.45,15.06,1.96,12.38,17.9,1.61,,,346
Guwahati,58.98,100.53,14.53,12.47,37.22,14.36,0.7,12.18,17.91,0.53,,,149
Guwahati,69.89,102.68,16.53,9.85,37.67,13.72,0.7,12.28,17.85,0.51,,,116
Guwahati,89.1,122.49,19.56,7.57,40.24,15.08,0.84,11.96,17.98,0.5,,,114
Guwahati,104.14,146.43,45.48,9.51,84.85,15.76,1.38,12.32,17.93,0.83,,,284
Guwahati,88.81,147.58,14.21,10.11,34.17,13.98,0.8,11.72,18.71,0.4,,,170
Guwahati,158.21,278.65,57.71,12.45,108.09,16.3,1.62,12.59,19.67,2.85,,,301
Guwahati,151.85,224.39,68.87,12.53,126.5,16.43,1.75,12.59,17.92,56.26,,,332
Guwahati,154.88,210,37.72,10.68,73.37,17.9,1.72,12.42,18.01,0.84,,,322
Guwahati,159.1,225.9,56.18,12.1,105.19,18.47,1.85,12.84,18.31,8.19,,,331
Guwahati,165.55,242.79,72.6,13.16,133.26,19.26,1.87,12.96,18.02,1.15,,,331
Guwahati,148.21,225.76,88.08,15.26,160.98,18.04,1.68,13.2,18.03,1.15,,,335
Guwahati,152.57,240.56,77.03,14.06,141.54,16.55,1.68,13.1,18.18,1.2,,,321
Guwahati,186.62,270.35,79.92,14.47,146.7,17.74,1.84,13.22,18.17,1.04,,,326
Guwahati,378.08,489.02,91.88,15.07,166.98,24.31,3.75,13.41,18.45,2.21,,,462
Guwahati,169.6,237.56,69.18,11.13,125.47,27.33,2.16,13.43,18.12,4.9,,,402
Guwahati,124.99,202.88,72.13,14.04,133.46,21.27,1.39,13.75,18.2,1.08,,,311
Guwahati,149.32,240.6,78.64,16.06,146.33,20.37,1.52,14.18,19.69,1.18,,,309
Guwahati,123.96,196.86,74.81,13.79,137.58,22.25,1.42,13.82,18.24,0.88,,,325
Guwahati,79.32,120.4,6.5,8.74,20.04,17.68,0.6,12.49,20.98,0.17,,,211
Guwahati,120.64,183.95,15.75,12.31,39.05,16.06,0.9,12.62,21.13,9.8,,,192
Guwahati,138.17,218.79,53.28,15.68,104.28,17.02,1.41,13.37,20.42,0.43,,,314
Guwahati,129.67,204.78,47.92,18.01,97.97,16.87,1.29,13.03,18.18,2.69,,,307
Guwahati,176.98,260.58,47.71,17.95,97.57,16.17,1.74,13.88,19,14.48,,,318
Guwahati,178.56,286.81,69.9,16.51,132.46,15.74,1.87,13.22,17.92,0,,,363
Guwahati,157.34,241.87,61.04,12.98,114.13,16.12,1.71,13.16,18.13,0,,,332
Guwahati,151.56,242.58,78.62,17.7,148.03,16.7,1.62,13.84,20.67,9.67,,,327
Guwahati,,317.84,80.74,17.88,151.75,18.21,1.94,13.7,18.14,0,,,264
Guwahati,192.26,334.8,80.42,21.97,155.58,20.06,1.97,13.95,20.02,5.32,,,285
Guwahati,155.4,247.32,56.68,16.34,110.56,21.83,1.71,13.71,19,1.09,,,346
Guwahati,74.2,105.99,9.63,8.8,25.22,17.74,0.61,12.85,18.79,0.29,,,195
Guwahati,123.8,184.52,28.23,10.06,57.12,18.14,1.21,13.22,18.75,0.69,,,250
Guwahati,103.18,170.35,47.53,14.67,93.74,18.48,1.23,13.48,19.14,0.75,,,298
Guwahati,121.97,199.91,61.88,22.49,125.68,15.9,1.06,13.92,23.02,1.05,,,238
Guwahati,140.21,223.32,80.4,23.76,157.44,17.55,1.34,15.03,24.66,0.79,,,315
Guwahati,155.07,256.72,82.09,25.12,161.67,19.22,1.63,14.48,22.17,1.1,,,317
Guwahati,151.99,243.84,53.41,18.76,107.79,19.64,1.48,15.18,26.85,1.07,,,326
Guwahati,139.27,233.73,45.24,20.56,96.27,18.53,1.44,13.18,18.57,1.01,,,323
Guwahati,139.07,240.31,56.08,20.06,113.55,17.57,1.5,13.09,18.46,1.13,,,316
Guwahati,108.07,190.71,35.9,17.93,78.15,17.92,1.15,12.6,18.11,0.69,,,302
Guwahati,101.22,209.1,51.82,19.55,106.02,18.24,0.99,13.03,18.35,0.57,,,212
Guwahati,111.71,225.78,80.45,23.03,156.74,18.56,1.23,13.56,18.35,0.82,,,278
Guwahati,119.47,225.18,84.67,24.27,165,19.25,1.19,13.81,18.35,0.95,,,267
Guwahati,133.75,253.03,92.84,30.59,184.73,21.57,1.29,15.31,18.56,0.96,,,306
Guwahati,141.43,264.36,59.76,27.41,127.46,23.68,1.23,13.6,19.34,0.79,,,315
Guwahati,165.06,279.03,46.86,31.8,111.02,23.71,1.36,13.48,18.98,0.74,,,321
Guwahati,208.26,300.36,42.27,24.33,95.46,24.27,1.61,13.5,18.58,0.96,,,357
Guwahati,203.07,299.17,60.9,24.22,125.93,24.88,1.81,13.7,18.6,0.99,,,367
Guwahati,169.36,319.73,40.71,15.68,83.61,29.04,1.4,14.08,19.54,0.84,,,361
Guwahati,90.78,123.99,14.73,13.21,38.34,24.13,0.56,13.38,18.83,0.28,,,239
Guwahati,131.83,193.45,51.04,17.04,102.03,25.27,1.25,13.91,18.51,0.65,,,288
Guwahati,111.05,177.35,42.25,17.71,88.33,22.11,1.14,14.03,18.58,0.66,,,282
Guwahati,125.72,214.04,61.18,17.95,119.7,21.01,1.27,14.33,18.5,0.88,,,302
Guwahati,118.97,203.28,60.84,21.62,123.1,20.84,1.18,14.48,18.68,0.72,,,302
Guwahati,93.14,157.53,32.95,18.84,74.27,16.1,0.89,13.81,19.06,0.56,,,269
Guwahati,72.51,140.07,19.93,19.02,53.12,14.76,0.61,13.15,18.52,0.51,,,171
Guwahati,27.92,53.53,2.76,12.41,17.83,13.39,0.12,13.25,18.88,0.15,,,78
Guwahati,47.51,79.77,16.71,14.97,43.46,13.55,0.25,13.58,19.04,0.21,,,58
Guwahati,66.48,137.52,52.09,21.7,108.77,12.8,0.63,14.1,18.9,0.49,,,114
Guwahati,84.06,168.91,74.24,29.75,153.71,13.24,0.75,14.09,20.16,13.65,,,160
Guwahati,131.31,198.43,64.74,30.85,139.31,16.28,0.92,13.62,19.12,0.72,,,224
Guwahati,95.07,191.86,40.05,28.98,96.79,16.51,0.95,13.43,18.97,0.89,,,300
Guwahati,63.93,108.82,26.12,23.76,68.34,17.05,0.51,13.53,19.42,0.36,,,164
Guwahati,36.86,65.66,4.88,15.58,24.69,15.46,0.21,13.4,19.28,0.13,,,71
Guwahati,44.87,108.44,3.27,14.86,21.28,12,0.29,13.06,18.75,0.14,,,84
Guwahati,58.74,102.63,10.83,15.28,34.19,12.3,0.32,13.2,18.58,0.2,,,110
Guwahati,76.67,125.31,37.68,19.39,82.64,16.12,0.67,13.79,18.58,0.33,,,128
Guwahati,62.83,128.2,30.87,15.52,67.29,16.85,0.6,13.58,19.07,0.28,,,138
Guwahati,66.71,169.5,22.15,20.19,57.99,15.21,0.43,13.32,19.02,0.2,,,152
Guwahati,97.15,167.83,23.63,23.06,63.52,13.47,0.64,13.24,19.03,0.37,,,168
Guwahati,80.63,158.25,43.46,31.04,80,13.02,0.7,13.58,19.61,0.33,,,191
Guwahati,95.35,219.23,35.68,30.51,41.47,17.38,0.77,13.68,19.01,0.42,,,226
Guwahati,81.83,178.48,28,32.03,36.48,15.43,0.48,13.34,19.07,0.24,,,148
Guwahati,96.15,212.49,28.27,23.49,32.53,15.1,0.88,13.68,19.41,0.52,,,260
Guwahati,79.96,154.9,8.86,18.55,15.64,13.28,0.37,13.23,19.02,0.17,,,140
Guwahati,65.69,171.03,20.2,18.99,24.32,11.72,0.59,13.49,20.08,0.34,,,204
Guwahati,90.97,195.79,38.35,36.21,46.27,13.93,0.5,14.04,22.33,0.42,,,158
Guwahati,101.22,211.78,54.75,43.42,61.98,14.17,0.76,13.57,19.68,0.64,,,228
Guwahati,106.89,227.07,41.98,40.3,50.95,16.17,0.89,13.76,21.2,0.53,,,257
Guwahati,104.24,200.94,20.99,27.59,29.1,20.73,0.8,14.32,24.2,0.35,,,273
Guwahati,105.13,166.05,23.6,26.82,30.67,19.14,0.71,14.72,19.28,0.27,,,223
Guwahati,107.87,152.63,13.16,18.11,18.64,17.4,0.71,14.58,18.81,0.31,,,225
Guwahati,79.39,115.42,35.59,17.48,35.07,18.06,0.59,14.87,18.84,0.34,,,265
Guwahati,78.14,134.65,25.71,23.59,30.67,16.08,0.42,14.85,19.18,0.2,,,124
Guwahati,99.05,136.28,29.82,24.63,34.24,16.54,0.55,15.2,19.36,0.31,,,195
Guwahati,101.46,139.7,16.73,23.28,23.82,18.2,0.62,15.53,19.6,0.41,,,238
Guwahati,118.7,165.09,15.07,23.58,22.74,20,0.7,15.54,19.58,0.24,,,270
Guwahati,105.32,224.36,9.92,14.9,14.66,19.07,0.67,15.69,20.08,0.25,,,298
Guwahati,31.95,211.55,1.37,5.65,3.78,11.88,0.09,15.43,22.26,0.06,,,176
Guwahati,38.98,149.95,12.63,17.44,17.92,12.16,0.27,14.77,27.91,0.13,,,169
Guwahati,130.68,232.55,19.56,30.83,29.6,15.72,0.92,16.06,35.47,0.37,,,201
Guwahati,133,206.76,12.18,26.92,22.2,19.62,0.98,17.35,39.22,0.42,,,307
Guwahati,141.09,215.27,8.68,16.05,14.29,20.71,0.78,16.86,52.63,0.31,,,315
Guwahati,103.88,220.49,3.81,14.11,9.72,14.09,0.47,15.39,42.49,0.17,,,275
Guwahati,81.92,148.29,8.05,20.73,16.11,12.91,0.49,16.18,34.97,0.22,,,222
Guwahati,75.94,179.25,3.73,15.72,10.44,10.25,0.46,16.08,43.81,0.17,,,158
Guwahati,71.62,137.99,2.44,15.17,9.2,8.04,0.45,16.69,55.53,0.16,,,162
Guwahati,83.89,230.77,0.9,6.98,4.07,6.82,0.34,16.2,67.04,0.11,,,152
Guwahati,78.7,190.7,2.48,13.87,8.61,4.23,0.38,15.75,52.64,0.15,,,198
Guwahati,58.36,112.46,1.36,7.41,4.62,3.57,0.36,16.55,43.33,0.12,,,154
Guwahati,26.5,115.1,0.93,6.41,3.81,6.05,0.19,14.9,63.97,28.5,,,104
Guwahati,57.4,93.25,1.98,9.42,6.06,11.7,0.58,15.85,45.23,0.13,,,104
Guwahati,89.24,126.06,6.4,8.34,8.83,24.53,0.89,18.38,34.98,0.14,,,169
Guwahati,101.75,154.37,16.84,11.14,18,31.06,1.01,20.22,37.33,0.14,,,200
Guwahati,103.94,152.8,14.94,10.97,16.49,38.13,1.03,21.14,32.97,18.85,,,266
Guwahati,93.12,122.65,15.35,10.71,16.57,38.23,0.83,20.06,22.35,9.89,,,254
Guwahati,38.33,54.22,2.85,6.46,5.28,28.31,0.41,18.47,34.72,0.05,,,109
Guwahati,19.16,33.51,2.74,6.6,5.25,27.97,0.3,17.6,24.23,0.03,,,51
Guwahati,18.06,26.17,2.89,6.67,5.4,23.01,0.33,16.7,27.85,0.04,,,45
Guwahati,35.6,46.15,4.1,5.59,5.78,25.38,0.45,16.91,24.25,0.06,,,38
Guwahati,20.94,31.08,1.68,6.69,4.51,20.35,0.38,15.72,39.03,0.02,,,62
Guwahati,15.84,28.89,1.82,5.79,4.19,11.71,0.34,13.92,32.44,0.02,,,45
Guwahati,23.36,35.06,2.94,6.81,5.5,9.66,0.39,13.94,24.83,0.06,,,40
Guwahati,26.52,46.48,2.21,7.14,5.12,10.16,0.38,13.86,31.74,0.06,,,46
Guwahati,12.87,29.46,0.66,3.45,2.17,6.01,0.25,13.88,42.08,0.04,,,55
Guwahati,13.02,18.64,0.83,3.81,2.47,3.34,0.25,13.88,43.1,0.03,,,54
Guwahati,19.09,30.65,1.56,6.56,4.35,2.57,0.35,13.95,36.5,2.32,,,50
Guwahati,28.02,42.15,5.89,10.71,9.61,2.47,0.42,14.17,31.9,0.06,,,50
Guwahati,25.51,39.31,1.06,9,5.17,3.96,0.4,14.19,39.45,0.04,,,52
Guwahati,25.33,44.45,2.33,7.14,5.21,3.46,0.42,14.08,28.68,0.05,,,51
Guwahati,23.83,36.16,1.85,7.68,5.11,4.63,0.39,14.01,30.84,0.04,,,47
Guwahati,23.15,32.95,2.17,7.83,5.42,4.28,0.41,14.1,28.57,0.05,,,46
Guwahati,23.05,36.19,5.7,12.37,10.27,3.93,0.38,14.31,32.12,0.07,,,45
Guwahati,18.78,41.35,1.27,7.04,4.38,3.86,0.33,14.43,39.18,0.03,,,55
Guwahati,25.13,44.71,5.15,10.84,9.12,3.41,0.42,14.6,32.73,169.36,,,51
Guwahati,26.98,41.37,3.15,9.76,7.09,5.28,0.39,14.5,30.28,32.96,,,49
Guwahati,21.27,33.11,1.42,7.34,4.63,5.87,0.36,14.29,32.09,0,,,44
Guwahati,23.78,35.6,1.04,7.21,4.29,4.52,0.38,14.34,26.59,0,,,39
Guwahati,27.19,52.66,2.48,12.02,7.7,5.86,0.4,14.54,30.32,0,,,45
Guwahati,23.76,54.9,2.68,13.77,8.7,7.1,0.41,14.67,48.79,0,,,68
Guwahati,40.78,69.53,4.57,18.13,12.23,7.78,0.51,15.35,46.24,0,,,75
Guwahati,47,80.22,7.34,23.76,17.04,7.97,0.58,15.44,39.05,0,,,72
Guwahati,43.02,72.78,10.4,15.35,15.23,10.77,0.6,14.96,33.72,0,,,90
Guwahati,25.6,39.27,1.29,11.16,6.4,6.8,0.4,14.84,37.55,0,,,54
Guwahati,18.75,30.16,1.46,9.36,5.65,3.9,0.37,14.76,34.29,0,,,43
Guwahati,18.7,27.08,1.24,6.52,4.1,3.82,0.37,14.55,32.84,0,,,43
Guwahati,19.4,29.4,1.11,5.69,3.59,3.44,0.34,14.49,34.31,0,,,41
Guwahati,16.33,27.04,2.07,9.57,6.2,3.68,0.35,14.52,36.94,0,,,49
Guwahati,34.04,65.9,12.56,19.51,18.87,3.77,0.53,14.64,29.84,0,,,50
Guwahati,49.08,86.02,12.51,19.87,19.02,5.4,1.2,14.68,32.1,0,,,86
Guwahati,42.37,65.67,1.99,12.62,7.63,9.72,0.73,14.41,26.53,0,,,89
Guwahati,9.98,15.91,1.43,9.51,5.69,4.46,0.26,14.68,28.79,0,,,47
Guwahati,8.42,37.4,0.84,5.04,3.08,1.12,0.26,14.84,37.79,0,,,45
Guwahati,13.18,22.34,1.46,6.8,4.4,1.34,0.38,14.73,24.65,0,,,38
Guwahati,11.73,18.58,1.58,6.31,4.25,1.33,0.4,14.76,23.5,0,,,33
Guwahati,17.99,29.98,2.33,10.22,6.71,2.7,0.43,14.8,26.45,0,,,34
Guwahati,8.71,15.15,0.8,5.95,3.5,4.3,0.34,14.88,33.65,0,,,45
Guwahati,8.77,16.77,0.83,9.54,5.26,2.44,0.34,15.01,42.45,0,,,53
Guwahati,15.12,28.91,0.94,6.03,3.64,0.86,0.37,15.07,44.22,0,,,53
Guwahati,15.95,27.93,1.46,8.68,5.3,1.41,0.4,15.09,39.86,0,,,55
Guwahati,21.8,41.14,1.61,11.33,6.72,2.23,0.42,15.14,39.32,0,,,51
Guwahati,28.03,44.54,3.14,11.2,7.8,2.61,0.56,15.31,26.35,0,,,47
Guwahati,24.49,39.27,3.32,11.03,7.85,2.69,0.57,15.26,26.37,0,,,57
Guwahati,23.06,40.33,2.21,6.54,4.83,3.67,0.5,15.21,26.84,0,,,50
Guwahati,17.45,30.52,1.11,8.21,4.83,3.75,0.41,15.55,44.84,0,,,56
Guwahati,10.8,26.6,0.9,4.28,2.75,1.61,0.32,15.44,40.33,0,,,47
Guwahati,15.57,25.37,1.1,6.29,3.87,1.3,0.38,15.42,31.39,0,,,42
Guwahati,12.45,20.53,1.24,6.97,4.32,1.38,0.39,15.7,30.37,0,,,37
Guwahati,18.92,30.78,1.51,6.8,4.44,1.22,0.41,15.65,22.93,0,,,30
Guwahati,28.74,46.41,1.03,8,4.66,3.03,0.47,15.6,29.94,0,,,39
Guwahati,31.44,51.03,1.3,8.33,5.02,4.27,0.49,15.7,36.58,0,,,53
Guwahati,36.84,72.94,7.24,18.6,14.47,4.95,0.68,15.82,31.82,0,,,63
Guwahati,37.17,69.88,12.04,14.8,16.2,5.16,0.65,15.89,27.09,0,,,85
Guwahati,15.44,26,2.18,11.08,7.02,3.71,0.48,15.52,22.58,0,,,39
Guwahati,18.75,29.81,3.84,10.19,7.82,2.37,0.46,15.5,21.77,0,,,45
Guwahati,17.75,26.31,9.24,10.51,12.01,1.65,0.4,15.62,21.27,0,,,31
Guwahati,15.67,27.58,1.84,8.73,5.63,1.84,0.36,15.63,20.42,0,,,31
Guwahati,16.03,26.82,1.89,9.27,5.92,1.6,0.4,15.63,24.49,0,,,34
Guwahati,9.88,17.95,1.96,6.26,4.52,0.72,0.31,15.69,23.73,0,,,35
Guwahati,5.6,11.66,1.26,5.42,3.58,0.91,0.31,15.72,26.3,0,,,31
Guwahati,12.18,21.4,1.25,5.73,3.72,2.92,0.38,15.89,22.25,0,,,30
Guwahati,24.36,40.94,3.25,10.26,7.42,4.15,0.52,15.86,24.91,0,,,35
Guwahati,20.77,34.82,4.4,7.49,6.92,3.76,0.46,15.75,24.06,0,,,46
Guwahati,19.46,35.88,6.39,10.55,9.9,4.03,0.56,15.99,21.95,0,,,41
Guwahati,18.53,34.18,1.6,6.61,4.4,3.84,0.4,16.06,19.74,0,,,46
Guwahati,21.36,34.42,1.05,5.43,3.42,3.13,0.4,15.97,22.36,0,,,36
Guwahati,18.8,31.55,4.85,12.57,9.73,4.47,0.46,15.9,22.73,0,,,37
Guwahati,16.6,23.75,2.8,7.72,5.85,4.08,0.48,16.1,19.46,0,,,35
Guwahati,17.82,25.71,2.3,8.37,5.78,2.85,0.51,16.09,21.5,0,,,35
Guwahati,18.95,28.79,1.31,8.12,4.92,2.32,0.44,15.91,27.36,0,,,36
Guwahati,21.38,33.14,2.06,6.38,4.65,3.51,0.46,15.66,27.12,0,,,48
Guwahati,20.32,32.51,1.78,5.11,3.82,3.38,0.43,15.83,24.38,0,,,39
